Name,Tags,StartDate,EndDate,StartTime,EndTime,AllDay,Location,Address,Website,Source,Notes
Coffee & Camaraderie OPFOB on the Road - Beaufort,Civic,2026-03-07,2026-03-07,09:00,,,Port Royal,Live Oaks Park,https://www.portroyal.org/calendar.aspx?EID=1042&PREVIEW=YES,Town of Port Royal,Community coffee gathering in Port Royal.
2026 FFF Oyster Roast,Culture,2026-03-13,2026-03-13,17:00,20:00,,"Port Royal, SC",Live Oaks Park,https://www.beaufortsc.org/,Visit Beaufort,Annual Friends of Fort Fremont oyster roast in Port Royal.
Radiance Run 5K,Sports,2026-03-14,2026-03-14,,,,Port Royal,Port Royal,https://www.portroyal.org/,Town of Port Royal,Community 5K supporting Radiance Pregnancy Care Center.
St. Patrick's Party,Sports,2026-03-16,2026-03-16,19:00,,,Savannah,"Enmarket Arena, 620 Stiles Avenue, Savannah, GA 31415",https://ghostpirateshockey.com/games/2026/03/16/st-patricks-party,Savannah Ghost Pirates,Home Ghost Pirates game against Toledo with a St. Patrick's themed promotion at Enmarket Arena.
Third Thursday - Historic Port Royal Foundation,Culture,2026-03-19,2026-03-19,17:00,20:00,,"Port Royal, SC","1634 Paris Avenue, Port Royal, SC 29935",https://www.portroyal.org/,Town of Port Royal,Historic Port Royal Foundation monthly evening community event.
Galactic Bowling,Sports,2026-03-19,2026-03-19,20:00,,,Bluffton,"Station 300 Bluffton, 25 Innovation Drive, Bluffton, SC 29910",https://station300bluffton-temp2.bowlrx.com/specials/galactic-bowling/,Station 300 Bluffton,Thursday night galactic bowling with $2 games and $2 shoe rental.
4th Annual Spring Symposium Opening Reception,Education,2026-03-20,2026-03-20,18:00,20:00,,Beaufort,"USCB Center for the Arts, 805 Carteret Street, Beaufort, SC 29902",https://www.uscb.edu/academics/humanities-social-sciences/history/isre/symposium/index.html,USCB,Opening reception for the 2026 ISRE Spring Symposium.
Greenville Swamp Rabbits @ Savannah Ghost Pirates,Sports,2026-03-20,2026-03-20,19:00,,,Savannah,"Enmarket Arena, 620 Stiles Avenue, Savannah, GA 31415",https://ghostpirateshockey.com/,Savannah Ghost Pirates,Home Ghost Pirates game against Greenville at Enmarket Arena.
Galactic Bowling,Sports,2026-03-20,2026-03-20,20:00,,,Bluffton,"Station 300 Bluffton, 25 Innovation Drive, Bluffton, SC 29910",https://station300bluffton-temp2.bowlrx.com/specials/galactic-bowling/,Station 300 Bluffton,Friday night galactic bowling at Station 300.
4th Annual Spring Symposium,Education,2026-03-21,2026-03-21,09:00,15:00,,Beaufort,"USCB Center for the Arts, 805 Carteret Street, Beaufort, SC 29902",https://www.uscb.edu/academics/humanities-social-sciences/history/isre/symposium/index.html,USCB,Full day of presentations and breakout sessions for the annual symposium.
Ghost Parrots Night,Sports,2026-03-21,2026-03-21,19:00,,,Savannah,"Enmarket Arena, 620 Stiles Avenue, Savannah, GA 31415",https://ghostpirateshockey.com/games/2026/03/21/ghost-parrots-night,Savannah Ghost Pirates,Home Ghost Pirates game against Greenville with the Ghost Parrots Night promotion.
Galactic Bowling,Sports,2026-03-21,2026-03-21,20:00,,,Bluffton,"Station 300 Bluffton, 25 Innovation Drive, Bluffton, SC 29910",https://station300bluffton-temp2.bowlrx.com/specials/galactic-bowling/,Station 300 Bluffton,Saturday night galactic bowling at Station 300.
Healthcare Heroes Appreciation,Sports,2026-03-22,2026-03-22,15:00,,,Savannah,"Enmarket Arena, 620 Stiles Avenue, Savannah, GA 31415",https://ghostpirateshockey.com/games/2026/03/22/healthcare-heroes-appreciation,Savannah Ghost Pirates,Home Ghost Pirates game against Atlanta with a healthcare appreciation promotion.
South Coast Cyber Summit,Education,2026-03-23,2026-03-23,,,,Beaufort County,Beaufort County,https://www.beaufortsc.org/,Visit Beaufort,Regional cybersecurity conference listed by Visit Beaufort.
USCB Interdisciplinary Conference,Education,2026-03-26,2026-03-27,,,,Bluffton,"USCB Bluffton Campus, Bluffton, SC",https://www.uscb.edu/academics/etais/interdisciplinary-conference/index.html,USCB,Interdisciplinary studies conference held virtually and in person.
Chalk It Up!,Culture,2026-03-27,2026-03-29,,,,Beaufort,Beaufort,https://www.beaufortsc.org/,Visit Beaufort,Three-day arts and community festival in Beaufort.
Caucus (T),Civic,2026-09-14,2026-09-14,16:00,16:00,,"Beaufort, SC 29902 County Council Chambers","100 Ribaut Road, Beaufort, SC 29902 County Council Chambers",https://www.beaufortcountysc.gov/events/2026/09/09.14.2026 Caucus .html,Beaufort County Calendar,
County Council Regular Session (T),Civic,2026-09-14,2026-09-14,18:00,18:00,,"Beaufort, SC 29902 County Council Chambers","100 Ribaut Road, Beaufort, SC 29902 County Council Chambers",https://www.beaufortcountysc.gov/events/2026/09/09.14.2026 Council.html,Beaufort County Calendar,
Bluffton Township Fire District Board,Civic,2026-09-15,2026-09-15,16:00,16:00,,"Bluffton, SC 29910","357 Fording Island Road, Bluffton, SC 29910",https://www.beaufortcountysc.gov/events/2026/09/09.15.2026 Bluffton Fire.html,Beaufort County Calendar,
Beaufort Memorial Hospital Board of Trustees (EXECUTIVE MEETING),Civic,2026-09-15,2026-09-15,17:30,17:30,,"Beaufort, SC","Boardroom, Third Floor, Beaufort Memorial Medical and Administrative Center, 990 Ribaut Road, Beaufort, SC",https://www.beaufortcountysc.gov/events/2026/09/09.15.2026 BMH Executive.html,Beaufort County Calendar,
"Vice-Chair Tabernik (District 6), Council Member McElynn (District 10), and Council Member Reitz (District 11) to Host Community Meeting",Civic,2026-09-15,2026-09-15,18:00,18:00,,"Hilton Head Library, SC 29926","Hilton Head Library, 11 Beach City Road, Hilton Head Library, SC 29926",https://www.beaufortcountysc.gov/events/2026/09/09.15.2026 LM and TR Community Meeting.html,Beaufort County Calendar,
Daufuskie Island Fire District,Civic,2026-09-16,2026-09-16,13:00,13:00,,"Daufuskie Island, SC 29915","400 Haig Point Road, Daufuskie Island, SC 29915",https://www.beaufortcountysc.gov/events/2026/09/09.16.2026 DIFD.html,Beaufort County Calendar,
Beaufort County Transportation Committee (T),Civic,2026-09-16,2026-09-16,16:00,16:00,,"Beaufort, SC 29902 County Council Chambers","100 Ribaut Road, Beaufort, SC 29902 County Council Chambers",https://www.beaufortcountysc.gov/events/2026/09/09.16.2026 CTC.html,Beaufort County Calendar,
Special Called Meeting of the Beaufort Memorial Hospital Board of Trustees,Civic,2026-09-17,2026-09-17,07:30,07:30,,"Beaufort, SC","Boardroom, Third Floor, Beaufort Memorial Medical and Administrative Center, 990 Ribaut Road, Beaufort, SC",https://www.beaufortcountysc.gov/events/2026/09/09.17.2026 BMH Special Called.html,Beaufort County Calendar,
Airports (T),Civic,2026-09-17,2026-09-17,10:00,10:00,,"Hilton Head Island, SC","Town of Hilton Head Island, One Town Center Court, Hilton Head Island, SC",https://www.beaufortcountysc.gov/events/2026/09/09.17.2025 Airports .html,Beaufort County Calendar,
Beaufort County Economic Development Corporation,Civic,2026-09-17,2026-09-17,14:00,14:00,,"97 Progressive Street, Bluffton - The Cove","97 Progressive Street, Bluffton - The Cove",https://www.beaufortcountysc.gov/events/2026/09/09.17.2026 BCEDC.html,Beaufort County Calendar,
State Accommodations Tax (2%) Committee (T)- Presentation Day,Civic,2026-09-18,2026-09-18,09:00,09:00,,"Beaufort, SC 29902 County Council Chambers","100 Ribaut Road, Beaufort, SC 29902 County Council Chambers",https://www.beaufortcountysc.gov/events/2026/09/09.18.2026 ATax.html,Beaufort County Calendar,
Beaufort County Sheriff's Office 2nd Annual - Where Dreams Take Flight Event,Civic,2026-09-19,2026-09-19,10:00,12:00,,"Beaufort County, SC",237 Sea Island Parkway - BCSO Helicopter Hanger,https://www.beaufortcountysc.gov/events/2026/09/09.19.2026 BCSO Event.html,Beaufort County Calendar,
"Finance, Administration, and Economic Development Committee (T)",Civic,2026-09-21,2026-09-21,14:00,14:00,,"Beaufort, SC 29902 County Council Chambers","100 Ribaut Road, Beaufort, SC 29902 County Council Chambers",https://www.beaufortcountysc.gov/events/2026/09/09.21.2026 FAED.html,Beaufort County Calendar,
Public Facilities Committee (T),Civic,2026-09-21,2026-09-21,16:00,16:00,,"Beaufort, SC 29902 County Council Chambers","100 Ribaut Road, Beaufort, SC 29902 County Council Chambers",https://www.beaufortcountysc.gov/events/2026/09/09.21.2026 PFC.html,Beaufort County Calendar,
Southern Lowcountry Regional Board (T),Civic,2026-09-22,2026-09-22,10:00,10:00,,"1911 Boundary Street, Beaufort - Beaufort City Hall","1911 Boundary Street, Beaufort - Beaufort City Hall",https://www.beaufortcountysc.gov/events/2026/09/09.22.2026 SOLOCO.html,Beaufort County Calendar,
Council Member Lawson (District 9) to Host Alljoy Community Update Meeting,Civic,2026-09-22,2026-09-22,17:30,19:30,,"Bluffton, SC","Bluffton Library, 120 Palmetto Way, Bluffton, SC",https://www.beaufortcountysc.gov/events/2026/09/09.22.2026 Alljoy Community Update.html,Beaufort County Calendar,
Voter Registration and Elections Board - Facility Committee,Civic,2026-09-23,2026-09-23,10:45,10:45,,"Beaufort, SC 29906","15 John Galt Road, Beaufort, SC 29906",https://www.beaufortcountysc.gov/events/2026/09/09.23.20261.html,Beaufort County Calendar,
Voter Registration and Elections Board (T),Civic,2026-09-23,2026-09-23,12:00,12:00,,"Beaufort, SC 29906","15 John Galt Road, Beaufort, SC 29906",https://www.beaufortcountysc.gov/events/2026/09/09.23.2026.html,Beaufort County Calendar,
Beaufort-Jasper Water and Sewer Authority Board,Civic,2026-09-24,2026-09-24,09:00,09:00,,"Okatie, SC","Executive Board Room, 109B, Administration Building, 6 Snake Road, Okatie, SC",https://www.beaufortcountysc.gov/events/2026/09/09.24.2026 BJWSA.html,Beaufort County Calendar,
Solid Waste and Recycling Board (T),Civic,2026-09-24,2026-09-24,14:00,14:00,,"Beaufort, SC 29902 County Council Chambers","100 Ribaut Road, Beaufort, SC 29902 County Council Chambers",https://www.beaufortcountysc.gov/events/2026/09/09.24.2026 SWR.html,Beaufort County Calendar,
Zoning Board of Appeals (T),Civic,2026-09-24,2026-09-24,17:00,17:00,,"Beaufort, SC 29902 County Council Chambers","100 Ribaut Road, Beaufort, SC 29902 County Council Chambers",https://www.beaufortcountysc.gov/events/2026/09/09.24.2026 ZBOA.html,Beaufort County Calendar,
Chat with Council,Civic,2026-09-24,2026-09-24,18:00,18:00,,"Beaufort, SC 29902","Beaufort Library, 311 Scott St, Beaufort, SC 29902",https://www.beaufortcountysc.gov/events/2026/09/09.24.2026 Chat with Council .html,Beaufort County Calendar,
Vice-Chair Tabernik (District 6) and Council Member Cunningham (District 7) to Host Community Meeting,Civic,2026-09-24,2026-09-24,18:00,18:00,,"Bluffton, SC 29910","Buckwalter Recreation Center, 905 Buckwalter Pkwy, Bluffton, SC 29910",https://www.beaufortcountysc.gov/events/2026/09/09.24.2026 AT and LC Community Meeting.html,Beaufort County Calendar,
Northern Beaufort County Regional Plan Implementation Committee (T),Civic,2026-09-25,2026-09-25,09:00,09:00,,"Beaufort, SC","Executive Conference Room, Administration Building, Beaufort County Government Robert Smalls Complex, 100 Ribaut Road, Beaufort, SC",https://www.beaufortcountysc.gov/events/2026/09/09.25.2026 NRPIC.html,Beaufort County Calendar,
Beaufort Memorial Hospital Board of Trustees (GOVERNANCE MEETING),Civic,2026-09-25,2026-09-25,12:00,12:00,,"Third Floor, Beaufort Memorial Medical and Administrative Center","990 Ribaut Road, Beaufort, SC - Boardroom, Third Floor, Beaufort Memorial Medical and Administrative Center",https://www.beaufortcountysc.gov/events/2026/09/09.25.2026 BMH Governance.html,Beaufort County Calendar,
Beaufort Memorial Hospital Board of Trustees (FINANCE MEETING),Civic,2026-09-28,2026-09-28,09:00,09:00,,"Beaufort, SC","Boardroom, Third Floor, Beaufort Memorial Medical and Administrative Center, 990 Ribaut Road, Beaufort, SC",https://www.beaufortcountysc.gov/events/2026/09/09.28.2026 BMH Finance.html,Beaufort County Calendar,
Caucus (T),Civic,2026-09-28,2026-09-28,16:00,16:00,,"Beaufort, SC 29902 County Council Chambers","100 Ribaut Road, Beaufort, SC 29902 County Council Chambers",https://www.beaufortcountysc.gov/events/2026/09/09.28.2026 Caucus .html,Beaufort County Calendar,
County Council Regular Session (T),Civic,2026-09-28,2026-09-28,18:00,18:00,,"Beaufort, SC 29902 County Council Chambers","100 Ribaut Road, Beaufort, SC 29902 County Council Chambers",https://www.beaufortcountysc.gov/events/2026/09/09.28.2026 Council.html,Beaufort County Calendar,
The Headstrings Collective - Monday Muse,Live Music,2026-09-28,2026-09-28,18:30,21:00,,"29412, United States","Charleston Pour House – Main Stage, 1977 Maybank Hwy., Charleston Pour House, SC, 29412, United States",https://charlestonpourhouse.com/event/the-headstrings-collective-monday-muse-8-2026-09-14-2-2/2026-09-28/,Charleston Pour House,"The Headstrings Collective Monday Muse (feat. Scott Baston / Bill Jarrett and special guests) * A New Lineup Every Week* Mondays Charleston Pour House | Main Stage 5pm doors /6:30pm shows 2 x sets FREE SHOWS Lineup: Scott Baston Bill Jarrett Corey Stephens Ethan Hamlin Danny Circharo Jon Joiner The Headstrings Collective The Headstrings Collective is the latest creative project from longtime friends and collaborators Scott Baston and Bill Jarrett. Known for their years together in the beloved Southern jam band Moonshine Still (1996–2007) and later in St. Francis, Scott and Bill have spent decades weaving soulful songs and sharing stages with an array of incredible musicians across the country. With The Headstrings Collective, they bring that same spirit of collaboration, connection, and musical exploration to a new home: Monday Muse on the Charleston Pour House deck. Beginning this September, Scott and Bill will host a rotating lineup of talented musicians each week, creating a one-of-a-kind experience where no two nights are ever the same. At its core, The Headstrings Collective is about community—celebrating friendship, creativity, and the joy of live music. Whether you’ve followed their journey since the Moonshine Still days or are hearing them for the first time, you’re invited to gather, listen, and be part of something special. *By purchasing a ticket, you agree to receive emails from ARTIST and PROMOTER. * Show is for all ages. Attendees under 18 must be accompanied by a parent. Attendees under 21 will be subject to a $5 surcharge. The surcharge must be paid in cash at the door on the day of the event."
NEW DATE: Serial Killers with Dr. Scott Bonn,Education,2026-09-28,2026-09-28,20:00,,,"Charleston, SC","37 John Street, Charleston, SC 29403",https://charlestonmusichall.com/event/new-dateserial-killers-with-dr-scott-bonn/,Charleston Music Hall,Doors: 7:00 pm | Show: 8:00 pm | Tickets: https://www.ticketmaster.com/serial-killers-with-dr-scott-bonn-charleston-south-carolina-02-01-2026/event/2D0062E1B7D72AC8
LINE DANCING with Loren (Every Tuesday),Live Music,2026-09-29,2026-09-29,18:00,,,"Isle of Palms, SC","1008 Ocean Boulevard, Isle of Palms, SC 29451",https://the-windjammer.com/event/linedancing/,The Windjammer,6:00 pm
Okapi Dream,Live Music,2026-09-29,2026-09-29,18:00,21:00,,"SC, United States","Charleston Pour House – Deck Stage, 1977 Maybank Hwy, Charleston, SC, United States",https://charlestonpourhouse.com/event/okai-dream/2026-09-29/,Charleston Pour House,"Okapi Dream Presented by Kanika Moore Every Tuesday in September 2026 September 8th, 15th & 29th | $10 @ the door September 22nd with special guest MJT | $15 at the door Charleston Pour House | Deck Stage 5pm doors / 6pm shows 2 X SETS each show."
Jodi Picoult: Hollow Bones,Culture,2026-09-29,2026-09-29,19:00,,,"Charleston, SC","37 John Street, Charleston, SC 29403",https://charlestonmusichall.com/event/jodi-picoult-hollow-bones/,Charleston Music Hall,Doors: 6:00 pm | Show: 7:00 pm | Tickets: https://www.ticketmaster.com/jodi-picoult-hollow-bones-charleston-south-carolina-09-29-2026/event/2D0064CFA808D525
Beaufort Memorial Hospital Board of Trustees (BOARD MEETING),Civic,2026-09-30,2026-09-30,07:30,07:30,,"Beaufort, SC","Boardroom, Third Floor, Beaufort Memorial Medical and Administrative Center, 990 Ribaut Road, Beaufort, SC",https://www.beaufortcountysc.gov/events/2026/09/09.30.2026 BMH Board.html,Beaufort County Calendar,
Council Member Thomas Reitz (District 11) to Host Bay Pines Drainage Community Meeting,Civic,2026-09-30,2026-09-30,18:00,18:00,,"Hilton Head Library, SC 29926","Hilton Head Library, 11 Beach City Road, Hilton Head Library, SC 29926",https://www.beaufortcountysc.gov/events/2026/09/09.30.2026 TR Bay Pines Community Meeting.html,Beaufort County Calendar,
The Reckoning,Live Music,2026-09-30,2026-09-30,18:30,21:30,,"SC, United States","Charleston Pour House – Deck Stage, 1977 Maybank Hwy, Charleston, SC, United States",https://charlestonpourhouse.com/event/the-reckoning-5-2024-08-07/2026-09-30/,Charleston Pour House,The Reckoning Every Wednesday 5pm Doors/6:30pm Show 2 Sets of Grateful Dead $10 at the door. * Show is 21+. Attendees under the age of 21 must be accompanied by a parent or guardian. Attendees under 21 will be subject to a $5 surcharge. The surcharge must be paid in cash at the door on the day of the event.
Bayside,Live Music,2026-09-30,2026-09-30,19:30,,,"Charleston, SC","37 John Street, Charleston, SC 29403",https://charlestonmusichall.com/event/bayside/,Charleston Music Hall,Doors: 6:30 pm | Show: 7:30 pm | Tickets: https://www.ticketmaster.com/bayside-charleston-south-carolina-09-30-2026/event/2D0064D7972082AB
Karaoke Night Every Wednesday,Live Music,2026-09-30,2026-09-30,20:00,,,"Isle of Palms, SC","1008 Ocean Boulevard, Isle of Palms, SC 29451",https://the-windjammer.com/event/karaoke/,The Windjammer,8:00 pm | 21Up 8PM to 11PM Karaoke Night Every Wednesday With DJ JC
Andy Frasco & the U.N.,Live Music,2026-09-30,2026-09-30,22:00,23:59,,"29412, United States","Charleston Pour House – Main Stage, 1977 Maybank Hwy., Charleston Pour House, SC, 29412, United States",https://charlestonpourhouse.com/event/andy-frasco-the-u-n-3/2026-09-30/,Charleston Pour House,"Andy Frasco & The U.N. (2 x Nights ) Wednesday September 30th + Thursday October 1st, 2026 Charleston Pour House | Main Stage Wed 9.30: post dead on the deck w/ Reckoning 9pm doors /10pm show | Thursday 10.1: 8pm doors /9pm show $35 advance / $40 day of show $65 – Two Night Ticket Package Andy Frasco & The U.N. For more than 15 years, Andy Frasco & The U.N. have built a reputation as one of the most electrifying live acts on the road, touring 200+ days a year and turning every stage – from festival fields to sold-out clubs – into a whirlwind of sweat-soaked celebration. A larger-than-life bandleader with a fearless DIY ethos, Frasco blends Americana, indie rock, jam, folk, funk, soul, punk, and gospel into a kaleidoscopic sound that’s as unfiltered as his onstage antics. But beneath the party-starting chaos lies a deeply introspective songwriter. From the hopeful anthems of ‘L’Optimist’ to the hard-earned reflections of ‘Growing Pains’, Frasco has evolved into one of the scene’s most candid voices– in the studio, on stage, and off. Produced by Frasco himself, ‘Growing Pains’ marks a creative milestone, featuring collaborations with artists like Billy Strings, G. Love, and JJ Grey, and showcasing Frasco’s growth as both tunesmith and producer. Offstage, he connects with audiences worldwide through his popular World Saving Podcast, hosting conversations with musicians, comedians, athletes and more, further amplifying his mission to fight darkness with connection and optimism. *By purchasing a ticket, you agree to receive emails from ARTIST and PROMOTER. *Show is 21+. No Exceptions!"
County Council Fire District Consolidation Workshop (T),Civic,2026-10-01,2026-10-01,10:00,10:00,,"Beaufort, SC 29902 County Council Chambers","100 Ribaut Road, Beaufort, SC 29902 County Council Chambers",https://www.beaufortcountysc.gov/events/2026/10/10.01.2026 Fire Districts Workshop.html,Beaufort County Calendar,
Design Review Board,Civic,2026-10-01,2026-10-01,14:30,14:30,,"Okatie SC 29909, Grace Coastal Church","15 Williams Drive, Okatie SC 29909, Grace Coastal Church",https://www.beaufortcountysc.gov/events/2026/10/10.01.2026 Design.html,Beaufort County Calendar,
Lily Rose – on the NÜTRL Beach Stage,Live Music,2026-10-01,2026-10-01,18:00,,,"Isle of Palms, SC","1008 Ocean Boulevard, Isle of Palms, SC 29451",https://the-windjammer.com/event/lily-rose-on-the-nutrl-beach-stage/,The Windjammer,"6:00 pm | ARTIST WEBSITE https://lilyrosemusic.net Lily Rose has never been one to second-guess herself. After her breakout 2020 viral hit “Villain” was released, the Atlanta native went from local favorite to national name practically overnight –– landing a record deal, joining tours with Sam Hunt, Luke Bryan and Shania Twain, national TV performances and racking up accolades [&hellip;] | Tickets: https://whollyticket.com/paymentpage/payment.php?event_id=85034"
PechaKucha 50,Live Music,2026-10-01,2026-10-01,19:00,,,"Charleston, SC","37 John Street, Charleston, SC 29403",https://charlestonmusichall.com/event/pechakucha-50/,Charleston Music Hall,Doors: 6:30 pm | Show: 7:00 pm | Tickets: https://www.ticketmaster.com/pechakucha-50-charleston-south-carolina-10-01-2026/event/2D00651B949B8433
Booty Bounce Charleston,Live Music,2026-10-01,2026-10-01,21:00,,,"Charleston, SC","32 Ann Street, Charleston, SC 29403",https://musicfarm.com/event/booty-bounce-charleston/,Music Farm,Doors: 9:00 pm | Show: 9:00 pm
State Accommodations Tax (2%) Committee (T),Civic,2026-10-02,2026-10-02,09:00,09:00,,"Beaufort, SC","Executive Conference Room, Administration Building, Beaufort County Government Robert Smalls Complex, 100 Ribaut Road, Beaufort, SC",https://www.beaufortcountysc.gov/events/2026/10/10.02.2026 ATax.html,Beaufort County Calendar,
Saxsquatch w/ Croozshipp – on the NÜTRL Beach Stage,Live Music,2026-10-02,2026-10-02,18:00,,,"Isle of Palms, SC","1008 Ocean Boulevard, Isle of Palms, SC 29451",https://the-windjammer.com/event/saxsquatch/,The Windjammer,"6:00 pm | ARTIST WEBSITE https://www.saxsquatch.com/ Saxsquatch is a 7’ tall multi-instrumentalist, producer, and electronic music artist from North Carolina. He has accumulated over 3 million followers online through releasing music with legends such as John Oates, Billy Ray Cyrus, the band WAR, and songs with the infamous electronic music label Monstercat. In 2021, Saxsquatch created theme music for Rocket League, and [&hellip;] | Tickets: https://whollyticket.com/e/Saxsquatch26win"
Lalah Hathaway,Live Music,2026-10-02,2026-10-02,20:00,,,"Charleston, SC","37 John Street, Charleston, SC 29403",https://charlestonmusichall.com/event/lalah-hathaway/,Charleston Music Hall,Doors: 7:00 pm | Show: 8:00 pm | Tickets: https://www.ticketmaster.com/lalah-hathaway-charleston-south-carolina-10-02-2026/event/2D0064D0E041E7CF
80s Beach Party w/ Weird Science on the NÜTRL Beach Stage,Live Music,2026-10-03,2026-10-03,18:00,,,"Isle of Palms, SC","1008 Ocean Boulevard, Isle of Palms, SC 29451",https://the-windjammer.com/event/80s-beach-party-w-weird-science-on-the-nutrl-beach-stage/,The Windjammer,6:00 pm | Artist Website https://www.facebook.com/p/Weird-Science-100063801181516/ Charleston’s Favorite 80’s CHEZZZE! | Tickets: https://whollyticket.com/paymentpage/payment.php?event_id=85169
The Fab Four,Live Music,2026-10-03,2026-10-03,19:30,,,"Charleston, SC","37 John Street, Charleston, SC 29403",https://charlestonmusichall.com/event/the-fab-four/,Charleston Music Hall,Doors: 6:30 pm | Show: 7:30 pm | Tickets: https://www.ticketmaster.com/the-fab-four-tribute-to-the-charleston-south-carolina-10-03-2026/event/2D006472D31489EC
Infinity Song,Live Music,2026-10-03,2026-10-03,20:00,,,"Charleston, SC","32 Ann Street, Charleston, SC 29403",https://musicfarm.com/event/new-date-infinity-song-copy/,Music Farm,Doors: 7:30 pm | Show: 8:00 pm
The Expendables w/ Matt & Zack on the NÜTRL Beach Stage,Live Music,2026-10-04,2026-10-04,18:00,,,"Isle of Palms, SC","1008 Ocean Boulevard, Isle of Palms, SC 29451",https://the-windjammer.com/event/expendables/,The Windjammer,"6:00 pm | Artist Websites https://theexpendables.com/ The Expendables have proven anything but in their nearly 25-year career since starting out as a spirited party band in high school performing surf-rock covers for birthdays and family gatherings. A quarter-century later, elementary school buddies Raul Bianchi, Adam Peterson and Geoff Weers, along with bassist Ryan DeMars, who joined in 2000, [&hellip;] | Tickets: https://whollyticket.com/paymentpage/payment.php?event_id=84942"
Fred Armisen,Comedy,2026-10-04,2026-10-04,19:00,,,"Charleston, SC","37 John Street, Charleston, SC 29403",https://charlestonmusichall.com/event/fred-armisen/,Charleston Music Hall,Doors: 6:00 pm | Show: 7:00 pm | Tickets: https://www.ticketmaster.com/fred-armisencomedy-for-musiciansbuteveryone-is-welcome-charleston-south-carolina-10-04-2026/event/2D006495AC97D546
He Is Legend,Live Music,2026-10-04,2026-10-04,19:00,,,"Charleston, SC","32 Ann Street, Charleston, SC 29403",https://musicfarm.com/event/he-is-legend/,Music Farm,w/ In Angles & Excide | Doors: 6:00 pm | Show: 7:00 pm
Community Services and Public Safety Committee (T),Civic,2026-10-05,2026-10-05,14:00,14:00,,"Beaufort, SC 29902 County Council Chambers","100 Ribaut Road, Beaufort, SC 29902 County Council Chambers",https://www.beaufortcountysc.gov/events/2026/10/10.05.2026 Comm Serv.html,Beaufort County Calendar,"*AT THE CONCLUSION OF THE FINANCE, ADMINISTRATION, AND ECONOMIC DEVELOPMENT COMMITTEE, NO SOONER THAN 3:00 PM*"
Natural Resources Committee (T),Civic,2026-10-05,2026-10-05,16:00,16:00,,"Beaufort, SC 29902 County Council Chambers","100 Ribaut Road, Beaufort, SC 29902 County Council Chambers",https://www.beaufortcountysc.gov/events/2026/10/10.05.2026 Natural Res.html,Beaufort County Calendar,
Council Member Gerald Dawson (District 1) to Host Community Meeting,Civic,2026-10-05,2026-10-05,18:00,18:00,,"Beaufort, SC","Burton Wells Recreation Center, 1 Middleton Recreation Drive, Beaufort, SC",https://www.beaufortcountysc.gov/events/2026/10/10.05.2026 GD Community Meeting.html,Beaufort County Calendar,
Planning Commission (T),Civic,2026-10-05,2026-10-05,18:00,18:00,,"Beaufort, SC 29902 County Council Chambers","100 Ribaut Road, Beaufort, SC 29902 County Council Chambers",https://www.beaufortcountysc.gov/events/2026/10/10.05.2026 Planning .html,Beaufort County Calendar,
Joey Cash,Live Music,2026-10-06,2026-10-06,20:00,,,"Charleston, SC","32 Ann Street, Charleston, SC 29403",https://musicfarm.com/event/joey-cash/,Music Farm,Doors: 7:30 pm | Show: 8:00 pm
Burton Fire District Commission,Civic,2026-10-07,2026-10-07,12:00,12:00,,"14 Bruce K Smalls Road, Beaufort","14 Bruce K Smalls Road, Beaufort",https://www.beaufortcountysc.gov/events/2026/10/10.07.2026 Burton Fire.html,Beaufort County Calendar,
Council Chair Alice Howard (District 4) to host Community Meeting,Civic,2026-10-07,2026-10-07,17:30,17:30,,"700 Paris Avenue, Port Royal - Port Royal Town Hall","700 Paris Avenue, Port Royal - Port Royal Town Hall",https://www.beaufortcountysc.gov/events/2026/10/10.07.2026 CM Howard Comm Mtg.html,Beaufort County Calendar,
Willow Avalon,Live Music,2026-10-07,2026-10-07,20:00,,,"Charleston, SC","32 Ann Street, Charleston, SC 29403",https://musicfarm.com/event/willow-avalon/,Music Farm,w/ Clover County & KADY ZADORA | Doors: 7:30 pm | Show: 8:00 pm
Airports (T),Civic,2026-10-08,2026-10-08,10:00,10:00,,"Beaufort, SC 29902 County Council Chambers","100 Ribaut Road, Beaufort, SC 29902 County Council Chambers",https://www.beaufortcountysc.gov/events/2026/10/10.08.2026 Airports .html,Beaufort County Calendar,
Keep Beaufort County Beautiful Board (T),Civic,2026-10-08,2026-10-08,13:00,13:00,,"Beaufort, SC 29902 County Council Chambers","100 Ribaut Road, Beaufort, SC 29902 County Council Chambers",https://www.beaufortcountysc.gov/events/2026/10/10.08.2026 KBCB Board.html,Beaufort County Calendar,
Public Hearing for the 2026 Sales Tax Referendum (T),Civic,2026-10-08,2026-10-08,17:00,17:00,,"Beaufort, SC 29902","Council Chambers, 100 Ribaut Road, Beaufort, SC 29902",https://www.beaufortcountysc.gov/events/2026/10/10.08.2026 Public Hearing for 2026 Sales Rax Referendum.html,Beaufort County Calendar,
The California Honeydrops – on the NÜTRL Beach Stage,Live Music,2026-10-08,2026-10-08,18:00,,,"Isle of Palms, SC","1008 Ocean Boulevard, Isle of Palms, SC 29451",https://the-windjammer.com/event/californiahdrops/,The Windjammer,"6:00 pm | Artist Website https://cahoneydrops.com/ “The California Honeydrops…evoke the greasy rumble of Booker T and channel the spiritual ecstasy of Sly and the Family Stone.” -Rolling Stone Formed in the subway systems of Oakland, retro-soul outfit The California Honeydrops are an electrifying group that defy convention at every turn. They’ve become a mainstay at festivals including Byron [&hellip;] | Tickets: https://whollyticket.com/e/CaliforniaHdrops26win"
On the Border – The Ultimate Eagles Tribute,Live Music,2026-10-08,2026-10-08,20:00,,,"Charleston, SC","37 John Street, Charleston, SC 29403",https://charlestonmusichall.com/event/on-the-border-the-ultimate-eagles-tribute/,Charleston Music Hall,Doors: 7:00 pm | Show: 8:00 pm | Tickets: https://www.ticketmaster.com/on-the-border-the-ultimate-eagles-charleston-south-carolina-10-08-2026/event/2D0064D1CD79EB91
Russian Circles,Live Music,2026-10-08,2026-10-08,20:00,,,"Charleston, SC","32 Ann Street, Charleston, SC 29403",https://musicfarm.com/event/russian-circles/,Music Farm,w/ Pelican | Doors: 7:30 pm | Show: 8:00 pm
Bad Medicine: The Iconic Bon Jovi Experience on the NÜTRL Beach Stage,Live Music,2026-10-09,2026-10-09,18:00,,,"Isle of Palms, SC","1008 Ocean Boulevard, Isle of Palms, SC 29451",https://the-windjammer.com/event/bad-medicine-the-iconic-bon-jovi-experience-on-the-nutrl-beach-stage/,The Windjammer,6:00 pm | Artist Website https://www.facebook.com/p/Bad-Medicine-Iconic-Bon-Jovi-Tribute-Band-61558628485416/ Meet the sensation that is taking the live music scene by storm! Bad Medicine-The Iconic Bon Jovi Experience! Performing Bon Jovi’s biggest hits from the band’s best selling genre defining albums released at the pinnacle of their amazing career. | Tickets: https://whollyticket.com/paymentpage/payment.php?event_id=85193
Jordan Klepper,Comedy,2026-10-09,2026-10-09,19:00,,,"Charleston, SC","37 John Street, Charleston, SC 29403",https://charlestonmusichall.com/event/jordan-klepper/,Charleston Music Hall,Doors: 6:00 pm | Show: 7:00 pm | Tickets: https://www.ticketmaster.com/jordan-klepper-charleston-south-carolina-10-09-2026/event/2D0064A6C28EFD59
High June,Live Music,2026-10-09,2026-10-09,20:00,,,"Charleston, SC","32 Ann Street, Charleston, SC 29403",https://musicfarm.com/event/high-june/,Music Farm,w/ Cadalay | Doors: 7:30 pm | Show: 8:00 pm
14th Annual CCC Cornhole Tournament & Live Music,Live Music,2026-10-10,2026-10-10,18:00,,,"Isle of Palms, SC","1008 Ocean Boulevard, Isle of Palms, SC 29451",https://the-windjammer.com/event/14th-annual-ccc-cornhole-tournament-live-music/,The Windjammer,"6:00 pm | ABOUT THE EVENT 14th ANNUAL CCC LIVE MUSIC EVENT Saturday, October 10, 2026 – The Windjammer Doors Open at 6 PM – $15 in advance | $20 at the door Get ready for a night of BIG hair, BIG guitars and BIG 80s energy—all while making a BIG difference for Lowcountry children! PALMETALHEAD | 7:00–7:50 [&hellip;] | Tickets: https://whollyticket.com/paymentpage/payment.php?event_id=85091"
The Black Jacket Symphony Presents Def Leppard’s ‘Hysteria’,Live Music,2026-10-10,2026-10-10,19:30,,,"Charleston, SC","37 John Street, Charleston, SC 29403",https://charlestonmusichall.com/event/the-black-jacket-symphony-presents-def-leppards-hysteria/,Charleston Music Hall,Doors: 6:30 pm | Show: 7:30 pm | Tickets: https://www.ticketmaster.com/the-black-jacket-symphony-presents-def-charleston-south-carolina-10-10-2026/event/2D00649D8DF6F20E
BALTHVS,Live Music,2026-10-10,2026-10-10,20:00,,,"Charleston, SC","32 Ann Street, Charleston, SC 29403",https://musicfarm.com/event/balthvs/,Music Farm,Doors: 7:00 pm | Show: 8:00 pm
Marlena Smalls & The Hallelujah Singers,Live Music,2026-10-10,2026-10-11,,,yes,"Beaufort, SC","USCB Center for the Arts, 805 Carteret Street, Beaufort, SC 29902",https://www.uscbcenterforthearts.com/,USCB Center for the Arts,"Roots, Rhythm & Soul"
OCT (On Company Time),Live Music,2026-10-11,2026-10-11,20:00,,,"Charleston, SC","32 Ann Street, Charleston, SC 29403",https://musicfarm.com/event/oct-on-company-time/,Music Farm,w/ Special Guest Lewky | Doors: 7:00 pm | Show: 8:00 pm
Thundercat,Live Music,2026-10-11,2026-10-11,20:00,,,"Charleston, SC","37 John Street, Charleston, SC 29403",https://charlestonmusichall.com/event/thundercat/,Charleston Music Hall,Doors: 7:00 pm | Show: 8:00 pm | Tickets: https://www.ticketmaster.com/thundercat-distracted-af-tour-charleston-south-carolina-10-11-2026/event/2D0064E8B0B8E302
Executive Committee (T),Civic,2026-10-12,2026-10-12,16:00,16:00,,"Beaufort, SC 29902 County Council Chambers","100 Ribaut Road, Beaufort, SC 29902 County Council Chambers",https://www.beaufortcountysc.gov/events/2026/10/10.12.2026 Exec Comm.html,Beaufort County Calendar,
Caucus (T),Civic,2026-10-12,2026-10-12,17:00,17:00,,"Beaufort, SC 29902 County Council Chambers","100 Ribaut Road, Beaufort, SC 29902 County Council Chambers",https://www.beaufortcountysc.gov/events/2026/10/10.12.2026 Caucus.html,Beaufort County Calendar,
County Council Regular Session (T),Civic,2026-10-12,2026-10-12,18:00,18:00,,"Beaufort, SC 29902 County Council Chambers","100 Ribaut Road, Beaufort, SC 29902 County Council Chambers",https://www.beaufortcountysc.gov/events/2026/10/10.12.2026 Council.html,Beaufort County Calendar,
Cannons,Live Music,2026-10-12,2026-10-12,20:00,,,"Charleston, SC","37 John Street, Charleston, SC 29403",https://charlestonmusichall.com/event/cannons/,Charleston Music Hall,Doors: 7:00 pm | Show: 8:00 pm | Tickets: https://www.ticketmaster.com/cannons-the-everything-glows-tour-charleston-south-carolina-10-12-2026/event/2D0064A8C4FA496E
All Them Witches,Live Music,2026-10-13,2026-10-13,20:00,,,"Charleston, SC","37 John Street, Charleston, SC 29403",https://charlestonmusichall.com/event/all-them-witches/,Charleston Music Hall,Doors: 7:00 pm | Show: 8:00 pm | Tickets: https://www.ticketmaster.com/all-them-witches-charleston-south-carolina-10-13-2026/event/2D006491A248FC65
Daufuskie Island Fire District,Civic,2026-10-14,2026-10-14,13:00,13:00,,"Daufuskie Island, SC 29915","400 Haig Point Road, Daufuskie Island, SC 29915",https://www.beaufortcountysc.gov/events/2026/10/10.14.2026 DIFD.html,Beaufort County Calendar,
Stormwater Management Utility Board (T),Civic,2026-10-14,2026-10-14,14:00,14:00,,"Beaufort, SC 29902 County Council Chambers","100 Ribaut Road, Beaufort, SC 29902 County Council Chambers",https://www.beaufortcountysc.gov/events/2026/10/10.14.2026 SWUB.html,Beaufort County Calendar,
Nevertel,Live Music,2026-10-14,2026-10-14,20:00,,,"Charleston, SC","32 Ann Street, Charleston, SC 29403",https://musicfarm.com/event/nevertel/,Music Farm,w/ Rivals and Ocean Sleeper | Doors: 7:30 pm | Show: 8:00 pm
Scott Bradlee’s Postmodern Jukebox,Live Music,2026-10-14,2026-10-14,20:00,,,"Charleston, SC","37 John Street, Charleston, SC 29403",https://charlestonmusichall.com/event/scott-bradlees-postmodern-jukebox/,Charleston Music Hall,Doors: 7:00 pm | Show: 8:00 pm | Tickets: https://www.ticketmaster.com/scott-bradlees-postmodern-jukebox-the-future-charleston-south-carolina-10-14-2026/event/2D00649EAB31599C
Historic Preservation Review Board,Civic,2026-10-15,2026-10-15,13:00,13:00,,"Beaufort, SC","Executive Conference Room, Administration Building, Beaufort County Government Robert Smalls Complex, 100 Ribaut Road, Beaufort, SC",https://www.beaufortcountysc.gov/events/2026/10/10.15.2026 HPRB.html,Beaufort County Calendar,
Beaufort County Economic Development Corporation,Civic,2026-10-15,2026-10-15,14:00,14:00,,"97 Progressive Street, Bluffton - The Cove","97 Progressive Street, Bluffton - The Cove",https://www.beaufortcountysc.gov/events/2026/10/10.15.2026 BCEDC.html,Beaufort County Calendar,
Sheldon Township Fire District,Civic,2026-10-15,2026-10-15,18:30,18:30,,"5 Fire Station Lane, Sheldon SC 29941 - Fire Station Headquarters","5 Fire Station Lane, Sheldon SC 29941 - Fire Station Headquarters",https://www.beaufortcountysc.gov/events/2026/10/10.15.2026 Sheldon Fire.html,Beaufort County Calendar,
Mark Normand,Comedy,2026-10-15,2026-10-15,19:00,,,"Charleston, SC","37 John Street, Charleston, SC 29403",https://charlestonmusichall.com/event/mark-normand/,Charleston Music Hall,Doors: 6:00 pm | Show: 7:00 pm | Tickets: https://www.ticketmaster.com/mark-normand-charleston-south-carolina-10-15-2026/event/2D0064749D48D078
sunn o))),Live Music,2026-10-15,2026-10-15,20:00,,,"Charleston, SC","32 Ann Street, Charleston, SC 29403",https://musicfarm.com/event/sunn-o/,Music Farm,with special guest Shane Parish | Doors: 7:30 pm | Show: 8:00 pm
Green Space Advisory Committee (T),Civic,2026-10-16,2026-10-16,10:00,10:00,,"Beaufort, SC","Executive Conference Room, Administration Building, Beaufort County Government Robert Smalls Complex, 100 Ribaut Road, Beaufort, SC",https://www.beaufortcountysc.gov/events/2026/10/10.16.2026 Green Space.html,Beaufort County Calendar,"*AT THE CONCLUSION OF THE FINANCE, ADMINISTRATION, AND ECONOMIC DEVELOPMENT COMMITTEE MEETING, NO SOONER THAN 3:00 PM*"
Beaufort Memorial Hospital Board of Hospital (GOVERNANCE MEETING),Civic,2026-10-16,2026-10-16,17:30,17:30,,"Beaufort, SC","Boardroom, Third Floor, Beaufort Memorial Medical and Administrative Center, 990 Ribaut Road, Beaufort, SC",https://www.beaufortcountysc.gov/events/2026/10/10.16.2026 BMH Governance.html,Beaufort County Calendar,
Eddie 9V,Live Music,2026-10-16,2026-10-16,20:00,,,"Charleston, SC","32 Ann Street, Charleston, SC 29403",https://musicfarm.com/event/eddie-9v/,Music Farm,w/ Eddie Bush | Doors: 7:30 pm | Show: 8:00 pm
The Marshall Tucker Band,Live Music,2026-10-16,2026-10-16,20:00,,,"Charleston, SC","37 John Street, Charleston, SC 29403",https://charlestonmusichall.com/event/the-marshall-tucker-band/,Charleston Music Hall,Doors: 7:00 pm | Show: 8:00 pm | Tickets: https://www.ticketmaster.com/the-marshall-tucker-band-charleston-south-carolina-10-16-2026/event/2D0064F594BC8FC2
2026 Fall Festival of Houses & Gardens,Culture,2026-10-16,2026-10-18,,,yes,"Beaufort, SC",,https://historicbeaufort.org/event/2026-fall-festival-of-houses-gardens/,Historic Beaufort Foundation,"In its 52nd year, Historic Beaufort Foundation’s Fall Festival of Houses & Gardens offers a unique glimpse into and guided tour of Beaufort’s historic homes and gardens. Buy Tickets What: The Fall Festival of Houses & Gardens When: October 16-18, 2026 Tickets will be available in August."
Ax and The Hatchetmen w/ The Hails on the NÜTRL Beach Stage,Live Music,2026-10-17,2026-10-17,18:00,,,"Isle of Palms, SC","1008 Ocean Boulevard, Isle of Palms, SC 29451",https://the-windjammer.com/event/ax/,The Windjammer,"6:00 pm | Artist Website https://www.axandthehatchetmen.com/ Check out was hours ago, but Ax and the Hatchetmen aren’t leaving. The indie rock six piece, fronted by Axel Ellis, hit the road this fall for the “Late Check Out Tour” — a coast to coast run bringing their sunburnt guitars and jangly tunes to the masses. What started in high [&hellip;] | Tickets: https://whollyticket.com/e/Hatchetmen26iop"
House Party,Live Music,2026-10-17,2026-10-17,21:00,,,"Charleston, SC","32 Ann Street, Charleston, SC 29403",https://musicfarm.com/event/house-party/,Music Farm,Doors: 9:00 pm | Show: 9:00 pm
What a Wonderful World,Live Music,2026-10-17,2026-10-17,,,,"Charleston, SC","37 John Street, Charleston, SC 29403",https://charlestonmusichall.com/event/what-a-wonderful-world/,Charleston Music Hall,Tickets: https://charlestonjazz.com/event/2026-what-a-wonderful-world-5pm/
The Living Tombstone,Live Music,2026-10-18,2026-10-18,20:00,,,"Charleston, SC","37 John Street, Charleston, SC 29403",https://charlestonmusichall.com/event/the-living-tombstone/,Charleston Music Hall,Doors: 7:00 pm | Show: 8:00 pm | Tickets: https://www.ticketmaster.com/the-living-tombstone-the-multiplayer-tour-charleston-south-carolina-10-18-2026/event/2D006459B67CC334
"Finance, Administration, and Economic Development Committee (T)",Civic,2026-10-19,2026-10-19,14:00,14:00,,"Beaufort, SC 29902 County Council Chambers","100 Ribaut Road, Beaufort, SC 29902 County Council Chambers",https://www.beaufortcountysc.gov/events/2026/10/10.19.2026 FAED.html,Beaufort County Calendar,
Public Facilities Committee (T),Civic,2026-10-19,2026-10-19,16:00,16:00,,"Beaufort, SC 29902 County Council Chambers","100 Ribaut Road, Beaufort, SC 29902 County Council Chambers",https://www.beaufortcountysc.gov/events/2026/10/10.19.2026 PFC.html,Beaufort County Calendar,
Paul Bielatowicz’s Nosferatu Undead,Live Music,2026-10-19,2026-10-19,19:30,,,"Charleston, SC","37 John Street, Charleston, SC 29403",https://charlestonmusichall.com/event/paul-bielatowiczs-nosferatu-undead/,Charleston Music Hall,Doors: 6:30 pm | Show: 7:30 pm | Tickets: https://www.ticketmaster.com/paul-bielatowiczs-nosferatu-undead-charleston-south-carolina-10-19-2026/event/2D0064E8967D99D2
Bluffton Township Fire District Board,Civic,2026-10-20,2026-10-20,16:00,16:00,,"Bluffton, SC 29910","357 Fording Island Road, Bluffton, SC 29910",https://www.beaufortcountysc.gov/events/2026/10/10.20.2026 Bluffton Fire.html,Beaufort County Calendar,
Disabilities and Special Needs Board,Civic,2026-10-20,2026-10-20,16:00,16:00,,"Beaufort, SC 29906","100 Clear Water Way, Beaufort, SC 29906",https://www.beaufortcountysc.gov/events/2026/10/10.20.2026 DSN.html,Beaufort County Calendar,
Beaufort Memorial Hospital Board of Trustees (EXECUTIVE MEETING),Civic,2026-10-20,2026-10-20,17:30,17:30,,"Beaufort, SC","Boardroom, Third Floor, Beaufort Memorial Medical and Administrative Center, 990 Ribaut Road, Beaufort, SC",https://www.beaufortcountysc.gov/events/2026/10/10.20.2026 BMH Executive.html,Beaufort County Calendar,
Scene Queen,Live Music,2026-10-20,2026-10-20,20:00,,,"Charleston, SC","32 Ann Street, Charleston, SC 29403",https://musicfarm.com/event/scene-queen/,Music Farm,w/ Bailey Spinn & WARGASM | Doors: 7:30 pm | Show: 8:00 pm
Gibbes Distinguished Lecture Series presents Danny McBride + Beeple,Education,2026-10-21,2026-10-21,18:00,,,"Charleston, SC","37 John Street, Charleston, SC 29403",https://charlestonmusichall.com/event/gibbes-distinguished-lecture-series-presents-danny-mcbride-beeple/,Charleston Music Hall,Doors: 5:00 pm | Show: 6:00 pm | Tickets: https://www.ticketmaster.com/gibbes-distinguished-lecture-series-presents-danny-charleston-south-carolina-10-21-2026/event/2D0065289F6AC30F
Alana Springsteen,Live Music,2026-10-21,2026-10-21,20:00,,,"Charleston, SC","32 Ann Street, Charleston, SC 29403",https://musicfarm.com/event/alana-springsteen/,Music Farm,w/ Kyle Schuesler | Doors: 7:30 pm | Show: 8:00 pm
Beaufort-Jasper Water and Sewer Authority Board,Civic,2026-10-22,2026-10-22,09:00,09:00,,"Okatie, SC","Executive Board Room, 109B, Administration Building, 6 Snake Road, Okatie, SC",https://www.beaufortcountysc.gov/events/2026/10/10.22.2026 BJWSA.html,Beaufort County Calendar,
Zoning Board of Appeals (T),Civic,2026-10-22,2026-10-22,17:00,17:00,,"Beaufort, SC 29902 County Council Chambers","100 Ribaut Road, Beaufort, SC 29902 County Council Chambers",https://www.beaufortcountysc.gov/events/2026/10/10.22.2026 ZBOA.html,Beaufort County Calendar,
Lowcountry Council of Governments,Civic,2026-10-22,2026-10-22,18:30,18:30,,"Yemassee, SC 29945","634 Campground Road, Yemassee, SC 29945",https://www.beaufortcountysc.gov/events/2026/10/10.22.2026 LCOG.html,Beaufort County Calendar,"*AT THE CONCLUSION OF THE FINANCE, ADMINISTRATION, AND ECONOMIC DEVELOPMENT COMMITTEE MEETING, NO SOONER THAN 3:00 PM*"
Blake Whiten,Live Music,2026-10-22,2026-10-22,20:00,,,"Charleston, SC","32 Ann Street, Charleston, SC 29403",https://musicfarm.com/event/blake-whiten/,Music Farm,w/ Slater Nalley | Doors: 7:30 pm | Show: 8:00 pm
Beaufort County Women's Conference,Civic,2026-10-23,2026-10-23,09:00,15:30,,"Bluffton, SC 29910","Buckwalter Recreation Center, 905 Buckwalter Pkwy, Bluffton, SC 29910",https://www.beaufortcountysc.gov/events/2026/10/10.23.2026 Womens Conferenct.html,Beaufort County Calendar,
Northern Beaufort County Regional Plan Implementation Committee (T),Civic,2026-10-23,2026-10-23,09:00,09:00,,"Beaufort, SC","Executive Conference Room, Administration Building, Beaufort County Government Robert Smalls Complex, 100 Ribaut Road, Beaufort, SC",https://www.beaufortcountysc.gov/events/2026/10/10.23.2026 NRPIC.html,Beaufort County Calendar,
Dedication of Pocotaligo Station State Forest,Civic,2026-10-23,2026-10-23,11:00,12:00,,"Tulifinny Road, Yemassee - Pocotaligo Station State Forest","Tulifinny Road, Yemassee - Pocotaligo Station State Forest",https://www.beaufortcountysc.gov/events/2026/10/10.23.2026 Pocotaligo State Forest.html,Beaufort County Calendar,
TopHouse – on the NÜTRL Beach Stage,Live Music,2026-10-23,2026-10-23,18:00,,,"Isle of Palms, SC","1008 Ocean Boulevard, Isle of Palms, SC 29451",https://the-windjammer.com/event/tophouse-on-the-nutrl-beach-stage/,The Windjammer,"6:00 pm | ARTIST WEBSITE https://tophousetheband.com/home Folk? Bluegrass? Rock? Irish? Pop? A lot of people ask us what genre we are. The truth is, we don’t know. Check out some of our music and let us know what you think. In reality, if you really want to get to know about TopHouse, y’all should shoot us a message [&hellip;] | Tickets: https://whollyticket.com/paymentpage/payment.php?event_id=85025"
The Hip Abduction,Live Music,2026-10-23,2026-10-23,19:00,,,"Charleston, SC","37 John Street, Charleston, SC 29403",https://charlestonmusichall.com/event/the-hip-abduction/,Charleston Music Hall,Doors: 6:00 pm | Show: 7:00 pm | Tickets: https://www.ticketmaster.com/the-hip-abduction-charleston-south-carolina-10-23-2026/event/2D00646C925CB637
Sexy Unique Podcast,Live Music,2026-10-23,2026-10-23,,,,"Charleston, SC","32 Ann Street, Charleston, SC 29403",https://musicfarm.com/event/sexy-unique-podcast/,Music Farm,2 SHOWS!
2026 Annual Meeting & Oyster Roast,Culture,2026-10-24,2026-10-24,13:00,16:00,,"Beaufort County, SC",,https://openlandtrust.org/event/2026-annual-meeting-oyster-roast/,Open Land Trust,"Tickets available now! Saturday, October 24 Join us at Orange Grove on St. Helena as we celebrate the recent conservation successes you helped achieve! This annual gathering is one of our favorite ways to connect with you and hundreds of passionate supporters who make our work possible. We can’t wait to see you there! 1:00 – 4:00 p.m. 275 Orange Grove Road St. Helena Island, SC 29920 Oyster Roast & Gumbo Beer & Wine/Live Entertainment Tickets $60 Children – Free *Pizza available, please RSVP*"
Josh Meloy on the NÜTRL Beach Stage,Live Music,2026-10-24,2026-10-24,18:00,,,"Isle of Palms, SC","1008 Ocean Boulevard, Isle of Palms, SC 29451",https://the-windjammer.com/event/joshmeloy26oct/,The Windjammer,"6:00 pm | ARTIST WEBSITE https://joshmeloy.com Oklahoma native, Josh Meloy recently released his new record “Oklahoma” in May of 2020. The record consists of a collection of songs written over the past 5 years. Meloy considers this his “best and most honest work to date”. Meloy recorded and produced the album at home giving it an undeniably authentic [&hellip;] | Tickets: https://whollyticket.com/e/joshmeloyjammer"
Robby Hoffman: Live On Tour,Comedy,2026-10-24,2026-10-24,19:00,,,"Charleston, SC","37 John Street, Charleston, SC 29403",https://charlestonmusichall.com/event/robby-hoffman-live-on-tour/,Charleston Music Hall,Doors: 6:00 pm | Show: 7:00 pm | Tickets: https://www.ticketmaster.com/robby-hoffman-live-on-tour-charleston-south-carolina-10-24-2026/event/2D0064ADA5B81A2C
Emo Night Brooklyn: Halloween Edition,Live Music,2026-10-24,2026-10-24,21:30,,,"Charleston, SC","32 Ann Street, Charleston, SC 29403",https://musicfarm.com/event/emo-night-brooklyn-halloween-edition/,Music Farm,Doors: 9:00 pm | Show: 9:30 pm
The Rocky Horror Picture Show w/ LIVE Shadowcast,Culture,2026-10-25,2026-10-25,19:00,,,"Charleston, SC","37 John Street, Charleston, SC 29403",https://charlestonmusichall.com/event/the-rocky-horror-picture-show-w-live-shadowcast/,Charleston Music Hall,Doors: 6:00 pm | Show: 7:00 pm | Tickets: https://www.ticketmaster.com/the-rocky-horror-picture-show-w-charleston-south-carolina-10-25-2026/event/2D00652BC68A8314
Beaufort Memorial Hospital Board of Trustees (FINANCE MEETING),Civic,2026-10-26,2026-10-26,09:00,09:00,,"Beaufort, SC","Boardroom, Third Floor, Beaufort Memorial Medical and Administrative Center, 990 Ribaut Road, Beaufort, SC",https://www.beaufortcountysc.gov/events/2026/10/10.26.2026 BMH Finance.html,Beaufort County Calendar,
Caucus (T),Civic,2026-10-26,2026-10-26,17:00,17:00,,"Beaufort, SC 29902 County Council Chambers","100 Ribaut Road, Beaufort, SC 29902 County Council Chambers",https://www.beaufortcountysc.gov/events/2026/10/10.26.2026 Caucus.html,Beaufort County Calendar,
County Council Regular Session (T),Civic,2026-10-26,2026-10-26,18:00,18:00,,"Beaufort, SC 29902 County Council Chambers","100 Ribaut Road, Beaufort, SC 29902 County Council Chambers",https://www.beaufortcountysc.gov/events/2026/10/10.26.2026 Council.html,Beaufort County Calendar,
John Cameron Mitchell: Hedwig 25th Anniversary Movie Tour,Culture,2026-10-26,2026-10-26,19:00,,,"Charleston, SC","37 John Street, Charleston, SC 29403",https://charlestonmusichall.com/event/john-cameron-mitchell-hedwig-25th-anniversary-movie-tour/,Charleston Music Hall,Doors: 6:00 pm | Show: 7:00 pm | Tickets: https://www.ticketmaster.com/john-cameron-mitchell-hedwig-25th-anniversary-charleston-south-carolina-10-26-2026/event/2D0064C1C3837E13
Southern Lowcountry Regional Board (T),Civic,2026-10-27,2026-10-27,10:00,10:00,,"205 Main Street, Hardeeville - Hardeeville City Hall","205 Main Street, Hardeeville - Hardeeville City Hall",https://www.beaufortcountysc.gov/events/2026/10/10.27.2026 SOLOCO.html,Beaufort County Calendar,
Beaufort Memorial Hospital Board of Trustees (BOARD MEETING),Civic,2026-10-28,2026-10-28,07:30,07:30,,"Beaufort, SC","Boardroom, Third Floor, Beaufort Memorial Medical and Administrative Center, 990 Ribaut Road, Beaufort, SC",https://www.beaufortcountysc.gov/events/2026/10/10.28.2026 BMH Board.html,Beaufort County Calendar,
Chat with Council,Civic,2026-10-29,2026-10-29,18:00,18:00,,"Bluffton, SC 29910","Bluffton Public Library, 120 Palmetto Way, Bluffton, SC 29910",https://www.beaufortcountysc.gov/events/2026/10/10.29.2026 Chat with Council .html,Beaufort County Calendar,
Dracula,Live Music,2026-10-29,2026-10-29,19:30,,,"Charleston, SC","37 John Street, Charleston, SC 29403",https://charlestonmusichall.com/event/dracula/,Charleston Music Hall,Doors: 6:30 pm | Show: 7:30 pm | Tickets: https://www.ticketmaster.com/sc-ballet-presents-dracula-charleston-south-carolina-10-29-2026/event/2D00647E8F527AA1
Hex Appeal: All Killer No Filler,Live Music,2026-10-29,2026-10-29,20:00,,,"Charleston, SC","32 Ann Street, Charleston, SC 29403",https://musicfarm.com/event/hex-appeal-all-killer-no-filler/,Music Farm,with Out on a Limb and Jerkweed | Doors: 7:30 pm | Show: 8:00 pm
The Midnight City: Nightmare Before Midnight on the NÜTRL Beach Stage,Live Music,2026-10-30,2026-10-30,18:00,,,"Isle of Palms, SC","1008 Ocean Boulevard, Isle of Palms, SC 29451",https://the-windjammer.com/event/the-midnight-city-nightmare-before-midnight-on-the-nutrl-beach-stage/,The Windjammer,"6:00 pm | Artist Website https://themidnightcityband.com/ The Midnight City’s “Nightmare Before Midnight” Halloweekend show @ The Windjammer! Live on the NÜTRL Beach Stage. Don’t forget to wear your Halloween costumes! The Midnight City is an Alternative Pop Indie band from Charleston, South Carolina. They are also a full-time cover/party event band with over 14 years experience. | Tickets: https://whollyticket.com/paymentpage/payment.php?event_id=85174"
Dracula,Live Music,2026-10-30,2026-10-30,19:30,,,"Charleston, SC","37 John Street, Charleston, SC 29403",https://charlestonmusichall.com/event/dracula-2/,Charleston Music Hall,Doors: 6:30 pm | Show: 7:30 pm | Tickets: https://www.ticketmaster.com/sc-ballet-presents-dracula-charleston-south-carolina-10-30-2026/event/2D00647E8FD97BA0
It’s A 2000s (Halloween) Party: Charleston,Live Music,2026-10-30,2026-10-30,21:00,,,"Charleston, SC","32 Ann Street, Charleston, SC 29403",https://musicfarm.com/event/its-a-2000s-halloween-party-charleston/,Music Farm,Doors: 9:00 pm | Show: 9:00 pm
The Reckoning: Grateful Dead Tribute on the NÜTRL Beach Stage,Live Music,2026-10-31,2026-10-31,18:00,,,"Isle of Palms, SC","1008 Ocean Boulevard, Isle of Palms, SC 29451",https://the-windjammer.com/event/the-reckoning-grateful-dead-tribute-on-the-nutrl-beach-stage/,The Windjammer,"6:00 pm | Artist Website https://thereckoningdead.com/home Based in beautiful Charleston South Carolina, The Reckoning offers a fresh new approach to the seemingly infinite library of songs and soundscapes that can only be defined as GRATEFUL DEAD. Celebrating the band’s entire catalogue as it developed and danced through the decades, The Reckoning leaves no leaf unturned, and the music never stops! | Tickets: https://whollyticket.com/paymentpage/payment.php?event_id=85161"
Gasolina Halloween Party,Live Music,2026-10-31,2026-10-31,21:00,,,"Charleston, SC","32 Ann Street, Charleston, SC 29403",https://musicfarm.com/event/gasolina-halloween-party/,Music Farm,Doors: 9:00 pm | Show: 9:00 pm
Hawthorne Heights,Live Music,2026-11-01,2026-11-01,19:00,,,"Charleston, SC","37 John Street, Charleston, SC 29403",https://charlestonmusichall.com/event/hawthorne-heights/,Charleston Music Hall,Doors: 6:00 pm | Show: 7:00 pm | Tickets: https://www.ticketmaster.com/hawthorne-heights-20th-anniversary-of-if-charleston-south-carolina-11-01-2026/event/2D00646E1DC57994
Community Services and Public Safety Committee (T),Civic,2026-11-02,2026-11-02,14:00,14:00,,"Beaufort, SC 29902 County Council Chambers","100 Ribaut Road, Beaufort, SC 29902 County Council Chambers",https://www.beaufortcountysc.gov/events/2026/11/11.02.2026 Comm Serv.html,Beaufort County Calendar,"*AT THE CONCLUSION OF THE FINANCE, ADMINISTRATION, AND ECONOMIC DEVELOPMENT COMMITTEE, NO SOONER THAN 3:00 PM*"
Natural Resources Committee (T),Civic,2026-11-02,2026-11-02,16:00,16:00,,"Beaufort, SC 29902 County Council Chambers","100 Ribaut Road, Beaufort, SC 29902 County Council Chambers",https://www.beaufortcountysc.gov/events/2026/11/11.02.2026 Natural Res.html,Beaufort County Calendar,
Planning Commission (T),Civic,2026-11-02,2026-11-02,18:00,18:00,,"Beaufort, SC 29902 County Council Chambers","100 Ribaut Road, Beaufort, SC 29902 County Council Chambers",https://www.beaufortcountysc.gov/events/2026/11/11.02.2026 Planning.html,Beaufort County Calendar,
Jake Shimabukuro,Live Music,2026-11-02,2026-11-02,20:00,,,"Charleston, SC","37 John Street, Charleston, SC 29403",https://charlestonmusichall.com/event/jake-shimabukuro/,Charleston Music Hall,Doors: 7:00 pm | Show: 8:00 pm | Tickets: https://www.ticketmaster.com/jake-shimabukuro-charleston-south-carolina-11-02-2026/event/2D0065288E2D8B34
Mountain Grass Unit,Live Music,2026-11-04,2026-11-04,20:00,,,"Charleston, SC","37 John Street, Charleston, SC 29403",https://charlestonmusichall.com/event/mountain-grass-unit/,Charleston Music Hall,Doors: 7:00 pm | Show: 8:00 pm | Tickets: https://www.ticketmaster.com/mountain-grass-unit-appalachian-smoke-tour-charleston-south-carolina-11-04-2026/event/2D0064C8F435A68E
Design Review Board,Civic,2026-11-05,2026-11-05,14:30,14:30,,"Okatie SC 29909, Grace Coastal Church","15 Williams Drive, Okatie SC 29909, Grace Coastal Church",https://www.beaufortcountysc.gov/events/2026/11/11.05.2026 Design.html,Beaufort County Calendar,
Parks and Recreation Board (T),Civic,2026-11-05,2026-11-05,14:30,14:30,,"Bluffton, SC","Buckwalter Recreation Center- 905 Buckwalter Parkway, Bluffton, SC",https://www.beaufortcountysc.gov/events/2026/11/11.05.2026 PAR Board.html,Beaufort County Calendar,
Bitch Cabal feat. Wednesday & Mannequin Pussy,Live Music,2026-11-05,2026-11-05,19:00,,,"Charleston, SC","37 John Street, Charleston, SC 29403",https://charlestonmusichall.com/event/bitch-cabal-feat-wednesday-mannequin-pussy/,Charleston Music Hall,Doors: 6:00 pm | Show: 7:00 pm | Tickets: https://www.ticketmaster.com/bitch-cabal-feat-wednesday-mannequin-pussy-charleston-south-carolina-11-05-2026/event/2D0064D0DC63D961
Drake Milligan – on the Inside Stage,Live Music,2026-11-05,2026-11-05,20:00,,,"Isle of Palms, SC","1008 Ocean Boulevard, Isle of Palms, SC 29451",https://the-windjammer.com/event/drake-milligan-on-the-nutrl-beach-stage/,The Windjammer,"8:00 pm | ARTIST WEBSITE https://www.drakemilligan.com/ Singer-songwriter, Drake Milligan, has been hailed a Country traditionalist with his old-school flair and rock n’ roll roots. Making his breakout debut with his critically acclaimed album, Dallas/Fort Worth, and his EP, Jukebox Songs, Milligan has perfected his signature sound. In 2025, he hit the road with Lainey Wilson and Luke Bryan, [&hellip;] | Tickets: https://whollyticket.com/paymentpage/payment.php?event_id=85074"
AJJ,Live Music,2026-11-06,2026-11-06,20:00,,,"Charleston, SC","32 Ann Street, Charleston, SC 29403",https://musicfarm.com/event/ajj/,Music Farm,w/ Greet Death | Doors: 7:30 pm | Show: 8:00 pm
honestav,Live Music,2026-11-06,2026-11-06,20:00,,,"Charleston, SC","37 John Street, Charleston, SC 29403",https://charlestonmusichall.com/event/honestav/,Charleston Music Hall,Doors: 7:00 pm | Show: 8:00 pm | Tickets: https://www.ticketmaster.com/honestav-the-sweet-american-boy-tour-charleston-south-carolina-11-06-2026/event/2D0064C99AE943FF
Holywatr,Live Music,2026-11-07,2026-11-07,20:00,,,"Charleston, SC","32 Ann Street, Charleston, SC 29403",https://musicfarm.com/event/holywatr/,Music Farm,Doors: 7:00 pm | Show: 8:00 pm
Nightrain: The Guns N’ Roses Experience – on the Inside Stage,Live Music,2026-11-07,2026-11-07,21:00,,,"Isle of Palms, SC","1008 Ocean Boulevard, Isle of Palms, SC 29451",https://the-windjammer.com/event/nightrain-the-guns-n-roses-experience-on-the-nutrl-beach-stage/,The Windjammer,"9:00 pm | ARTIST WEBSITE https://www.nightrainrocks.com/ NIGHTRAIN’S Tribute show to Guns N’ Roses has been taking the US by storm for 14 years running. Performances have ranged from The House Of Blues, MTVs Famous Club LaVela, The FC Dallas Stadium, to this years Carolina Rebellion, sharing the bill with Alice In Chains, Soundgarden, & Buckcherry to name a [&hellip;] | Tickets: https://whollyticket.com/paymentpage/payment.php?event_id=85095"
Kathleen Madigan,Comedy,2026-11-07,2026-11-07,,,,"Charleston, SC","37 John Street, Charleston, SC 29403",https://charlestonmusichall.com/event/kathleen-madigan/,Charleston Music Hall,Tickets: https://www.ticketmaster.com/kathleen-madigan-tickets/artist/724139?venueId=369387
Tab Benoit,Live Music,2026-11-08,2026-11-08,20:00,,,"Charleston, SC","37 John Street, Charleston, SC 29403",https://charlestonmusichall.com/event/tab-benoit-soul-of-the-swamp-tour/,Charleston Music Hall,Doors: 7:00 pm | Show: 8:00 pm | Tickets: https://www.ticketmaster.com/tab-benoit-soul-of-the-swamp-charleston-south-carolina-11-08-2026/event/2D006490D562E16F
Caucus (T),Civic,2026-11-09,2026-11-09,17:00,17:00,,"Beaufort, SC 29902 County Council Chambers","100 Ribaut Road, Beaufort, SC 29902 County Council Chambers",https://www.beaufortcountysc.gov/events/2026/11/11.09.2026 Caucus.html,Beaufort County Calendar,
County Council Regular Session (T),Civic,2026-11-09,2026-11-09,18:00,18:00,,"Beaufort, SC 29902 County Council Chambers","100 Ribaut Road, Beaufort, SC 29902 County Council Chambers",https://www.beaufortcountysc.gov/events/2026/11/11.09.2026 Council.html,Beaufort County Calendar,
Jim Henson’s Labyrinth: In Concert 40th Anniversary,Live Music,2026-11-09,2026-11-09,20:00,,,"Charleston, SC","37 John Street, Charleston, SC 29403",https://charlestonmusichall.com/event/jim-hensons-labyrinth-in-concert-40th-anniversary/,Charleston Music Hall,Doors: 7:00 pm | Show: 8:00 pm | Tickets: https://www.ticketmaster.com/jim-hensons-labyrinth-in-concert-40th-charleston-south-carolina-11-09-2026/event/2D006429F183F5A2
UB40,Live Music,2026-11-10,2026-11-10,20:00,,,"Charleston, SC","37 John Street, Charleston, SC 29403",https://charlestonmusichall.com/event/ub40/,Charleston Music Hall,Doors: 7:00 pm | Show: 8:00 pm | Tickets: https://www.ticketmaster.com/ub40-charleston-south-carolina-11-10-2026/event/2D006436AB06BF4A
County Offices Closed,Civic,2026-11-11,2026-11-11,00:00,00:00,,"Beaufort County, SC",,https://www.beaufortcountysc.gov/events/2026/11/11.11.2026 Veterans Day.html,Beaufort County Calendar,
Daufuskie Island Fire District,Civic,2026-11-11,2026-11-11,13:00,13:00,,"Daufuskie Island, SC 29915","400 Haig Point Road, Daufuskie Island, SC 29915",https://www.beaufortcountysc.gov/events/2026/11/11.11.2026 DIFD.html,Beaufort County Calendar,
Hot Mulligan,Live Music,2026-11-11,2026-11-11,19:00,,,"Charleston, SC","37 John Street, Charleston, SC 29403",https://charlestonmusichall.com/event/hot-mulligan/,Charleston Music Hall,Doors: 6:00 pm | Show: 7:00 pm | Tickets: https://www.ticketmaster.com/hot-mulligan-north-american-fall-tour-charleston-south-carolina-11-11-2026/event/2D0064CC95D4C2B8
Airports (T),Civic,2026-11-12,2026-11-12,10:00,10:00,,"Hilton Head Island, SC","Town of Hilton Head Island, One Town Center Court, Hilton Head Island, SC",https://www.beaufortcountysc.gov/events/2026/11/11.12.2026 Airports.html,Beaufort County Calendar,
Spyro Gyra,Live Music,2026-11-12,2026-11-12,20:00,,,"Charleston, SC","37 John Street, Charleston, SC 29403",https://charlestonmusichall.com/event/spyro-gyra/,Charleston Music Hall,Doors: 7:00 pm | Show: 8:00 pm | Tickets: https://www.ticketmaster.com/spyro-gyra-charleston-south-carolina-11-12-2026/event/2D0064E7B302D1EA
WesGhost,Live Music,2026-11-12,2026-11-12,20:00,,,"Charleston, SC","32 Ann Street, Charleston, SC 29403",https://musicfarm.com/event/wesghost/,Music Farm,Doors: 7:30 pm | Show: 8:00 pm
Paula Cole,Live Music,2026-11-13,2026-11-13,20:00,,,"Charleston, SC","37 John Street, Charleston, SC 29403",https://charlestonmusichall.com/event/paula-cole/,Charleston Music Hall,Doors: 7:00 pm | Show: 8:00 pm | Tickets: https://www.ticketmaster.com/paula-cole-this-fire-30-charleston-south-carolina-11-13-2026/event/2D00649DCACE3B86
The Wrecks,Live Music,2026-11-13,2026-11-13,20:00,,,"Charleston, SC","32 Ann Street, Charleston, SC 29403",https://musicfarm.com/event/the-wrecks-finally-outside-tour/,Music Farm,w/ Worry Club & Kid Sistr | Doors: 7:30 pm | Show: 8:00 pm
YALL Fest,Education,2026-11-14,2026-11-14,10:00,,,"Charleston, SC","37 John Street, Charleston, SC 29403",https://charlestonmusichall.com/event/yall-fest/,Charleston Music Hall,Show: 10:00 am | Tickets: https://yallfest.citypapertickets.com/events/187068903/yallfest-2026
Pecos & The Rooftops,Live Music,2026-11-14,2026-11-14,20:00,,,"Charleston, SC","32 Ann Street, Charleston, SC 29403",https://musicfarm.com/event/pecos-the-rooftops/,Music Farm,Doors: 7:00 pm | Show: 8:00 pm
John Morgan w/ Chris Ryan on the inside stage,Live Music,2026-11-14,2026-11-14,21:00,,,"Isle of Palms, SC","1008 Ocean Boulevard, Isle of Palms, SC 29451",https://the-windjammer.com/event/john-morgan-w-chris-ryan-on-the-inside-stage/,The Windjammer,"9:00 pm | ARTIST WEBSITE: https://www.johnmorganmusic.com/ GRAMMY-nominated and 6x #1 hitmaker, John Morgan delivers country music with a blue collar edge rooted in the only life he knows. The North Carolina native grew up playing bluegrass festivals in his family band. Now a “Music City songwriting star” (Tennessean) and “in-demand songcrafter” (Billboard), John has written 16 songs for [&hellip;] | Tickets: https://whollyticket.com/paymentpage/payment.php?event_id=85178"
Brad Williams,Comedy,2026-11-15,2026-11-15,19:00,,,"Charleston, SC","37 John Street, Charleston, SC 29403",https://charlestonmusichall.com/event/brad-williams/,Charleston Music Hall,Doors: 6:00 pm | Show: 7:00 pm | Tickets: https://www.ticketmaster.com/brad-williams-charleston-south-carolina-11-15-2026/event/2D0064469FDFC21E
"Finance, Administration, and Economic Development Committee (T)",Civic,2026-11-16,2026-11-16,14:00,14:00,,"Beaufort, SC 29902 County Council Chambers","100 Ribaut Road, Beaufort, SC 29902 County Council Chambers",https://www.beaufortcountysc.gov/events/2026/11/11.16.2026 FAED.html,Beaufort County Calendar,
Public Facilities Committee (T),Civic,2026-11-16,2026-11-16,16:00,16:00,,"Beaufort, SC 29902 County Council Chambers","100 Ribaut Road, Beaufort, SC 29902 County Council Chambers",https://www.beaufortcountysc.gov/events/2026/11/11.16.2026 PFC.html,Beaufort County Calendar,
Bluffton Township Fire District Board,Civic,2026-11-17,2026-11-17,16:00,16:00,,"Bluffton, SC 29910","357 Fording Island Road, Bluffton, SC 29910",https://www.beaufortcountysc.gov/events/2026/11/11.17.202 Bluffton Fire.html,Beaufort County Calendar,
Beaufort Memorial Hospital Board of Trustees (EXECUTIVE MEETING),Civic,2026-11-17,2026-11-17,17:30,17:30,,"Beaufort, SC","Boardroom, Third Floor, Beaufort Memorial Medical and Administrative Center, 990 Ribaut Road, Beaufort, SC",https://www.beaufortcountysc.gov/events/2026/11/11.17.2026 BMH Executive.html,Beaufort County Calendar,
Beaufort Memorial Hospital Board of Trustees Combined (FINANCE and BOARD MEETING),Civic,2026-11-18,2026-11-18,07:30,07:30,,"Beaufort, SC","Boardroom, Third Floor, Beaufort Memorial Medical and Administrative Center, 990 Ribaut Road, Beaufort, SC",https://www.beaufortcountysc.gov/events/2026/11/11.18.2026 BMH Combined.html,Beaufort County Calendar,
Beaufort County Transportation Committee (T),Civic,2026-11-18,2026-11-18,16:00,16:00,,"Beaufort, SC 29902 County Council Chambers","100 Ribaut Road, Beaufort, SC 29902 County Council Chambers",https://www.beaufortcountysc.gov/events/2026/11/11.18.2026 CTC.html,Beaufort County Calendar,
Library Board (T),Civic,2026-11-18,2026-11-18,16:00,16:00,,"Bluffton Branch Library - 120 Palmetto Way Bluffton, SC","Bluffton Branch Library - 120 Palmetto Way Bluffton, SC",https://www.beaufortcountysc.gov/events/2026/11/11.18.2026 Library.html,Beaufort County Calendar,
Jeff Garlin,Comedy,2026-11-18,2026-11-18,19:00,,,"Charleston, SC","37 John Street, Charleston, SC 29403",https://charlestonmusichall.com/event/jeff-garlin-2/,Charleston Music Hall,Doors: 6:00 pm | Show: 7:00 pm | Tickets: https://www.ticketmaster.com/jeff-garlin-charleston-south-carolina-11-18-2026/event/2D0064E7C45EF923
Austin Snell,Live Music,2026-11-18,2026-11-18,20:00,,,"Charleston, SC","32 Ann Street, Charleston, SC 29403",https://musicfarm.com/event/austin-snell/,Music Farm,Doors: 7:00 pm | Show: 8:00 pm
Beaufort-Jasper Water and Sewer Authority Board,Civic,2026-11-19,2026-11-19,09:00,09:00,,"Okatie, SC","Executive Board Room, 109B, Administration Building, 6 Snake Road, Okatie, SC",https://www.beaufortcountysc.gov/events/2026/11/11.19.2026 BJWSA.html,Beaufort County Calendar,
Historic Preservation Review Board,Civic,2026-11-19,2026-11-19,13:00,13:00,,"Beaufort, SC","Executive Conference Room, Administration Building, Beaufort County Government Robert Smalls Complex, 100 Ribaut Road, Beaufort, SC",https://www.beaufortcountysc.gov/events/2026/11/11.19.2026 HPRB.html,Beaufort County Calendar,
Beaufort County Economic Development Corporation,Civic,2026-11-19,2026-11-19,14:00,14:00,,"97 Progressive Street, Bluffton - The Cove","97 Progressive Street, Bluffton - The Cove",https://www.beaufortcountysc.gov/events/2026/11/11.19.2026 BCEDC.html,Beaufort County Calendar,
Zoning Board of Appeals (T),Civic,2026-11-19,2026-11-19,17:00,17:00,,"Beaufort, SC 29902 County Council Chambers","100 Ribaut Road, Beaufort, SC 29902 County Council Chambers",https://www.beaufortcountysc.gov/events/2026/11/11.19.2026 ZBOA .html,Beaufort County Calendar,
Chat with Council,Civic,2026-11-19,2026-11-19,18:00,18:00,,"Hilton Head, SC 29926","Hilton Head Library, 11 Beach City Road, Hilton Head, SC 29926",https://www.beaufortcountysc.gov/events/2026/11/11.19.2026 Chat with Council .html,Beaufort County Calendar,
Born Of Osiris x Miss May I,Live Music,2026-11-19,2026-11-19,19:00,,,"Charleston, SC","32 Ann Street, Charleston, SC 29403",https://musicfarm.com/event/born-of-osiris-x-miss-may-i/,Music Farm,w/ Convictions & Downswing | Doors: 6:30 pm | Show: 7:00 pm
Big Head Todd & the Monsters,Live Music,2026-11-19,2026-11-19,20:00,,,"Charleston, SC","37 John Street, Charleston, SC 29403",https://charlestonmusichall.com/event/big-head-todd-the-monsters-winter-tour-2026/,Charleston Music Hall,Doors: 7:00 pm | Show: 8:00 pm | Tickets: https://www.ticketmaster.com/big-head-todd-the-monsters-winter-charleston-south-carolina-11-19-2026/event/2D006479DD73B364
Hunter Flynn: Back To My Roots Tour w/ Peytan Porter – on the Inside Stage,Live Music,2026-11-19,2026-11-19,20:00,,,"Isle of Palms, SC","1008 Ocean Boulevard, Isle of Palms, SC 29451",https://the-windjammer.com/event/hunter-flynn-back-to-my-roots-tour-on-the-nutrl-beach-stage/,The Windjammer,"8:00 pm | ARTIST WEBSITE https://hunterflynn.com/ Hunter Flynn is a native to the Bluegrass state, born and raised in Pulaski County, Kentucky. He’s a self-taught musician whose first public performance came in early 2022. Since then, the singer/songwriter has gained national recognition as one of Appalachia’s most promising young artists. In an area that has no shortage of [&hellip;] | Tickets: https://whollyticket.com/paymentpage/payment.php?event_id=85112"
Northern Beaufort County Regional Plan Implementation Committee (T),Civic,2026-11-20,2026-11-20,09:00,09:00,,"Beaufort, SC","Executive Conference Room, Administration Building, Beaufort County Government Robert Smalls Complex, 100 Ribaut Road, Beaufort, SC",https://www.beaufortcountysc.gov/events/2026/11/11.20.2026 NRPIC.html,Beaufort County Calendar,
Big Head Todd & the Monsters,Live Music,2026-11-20,2026-11-20,20:00,,,"Charleston, SC","37 John Street, Charleston, SC 29403",https://charlestonmusichall.com/event/big-head-todd-the-monsters-copy/,Charleston Music Hall,Doors: 7:00 pm | Show: 8:00 pm | Tickets: https://www.ticketmaster.com/big-head-todd-the-monsters-charleston-south-carolina-02-26-2026/event/2D006304BD93282F
Winter Solstice Ball,Live Music,2026-11-20,2026-11-20,20:00,,,"Charleston, SC","32 Ann Street, Charleston, SC 29403",https://musicfarm.com/event/winter-solstice-ball-2/,Music Farm,Music Farm & Sarah Baus Present: | Doors: 8:00 pm | Show: 8:00 pm
Jeremy’s Ten: The Pearl Jam Tribute on the inside stage,Live Music,2026-11-20,2026-11-20,21:00,,,"Isle of Palms, SC","1008 Ocean Boulevard, Isle of Palms, SC 29451",https://the-windjammer.com/event/jeremys-ten-the-pearl-jam-tribute-on-the-inside-stage/,The Windjammer,"9:00 pm | ARTIST WEBSITE: https://jeremys-ten.com/home The nation’s most authentic tribute to one of the 90’s most prolific and influential bands, Pearl Jam! Jeremy’s Ten accurately recreates the performances of the hits and bootlegs that fans have grown to love over Pearl Jam’s Hall of Fame career. This tribute band delivers an unforgettable and unmatched Pearl Jam experience. | Tickets: https://whollyticket.com/paymentpage/payment.php?event_id=85182"
Swan Lake: Symphony of Lights,Culture,2026-11-21,2026-11-21,19:00,,,"Charleston, SC","37 John Street, Charleston, SC 29403",https://charlestonmusichall.com/event/grand-kyiv-ballet-presents-swan-lake-symphony-of-lights/,Charleston Music Hall,Doors: 6:00 pm | Show: 7:00 pm | Tickets: https://www.ticketmaster.com/grand-kyiv-ballet-presents-swan-lake-charleston-south-carolina-11-21-2026/event/2D00646E02EEEB22
Kurt Vile & the Violators,Live Music,2026-11-21,2026-11-21,20:00,,,"Charleston, SC","32 Ann Street, Charleston, SC 29403",https://musicfarm.com/event/kurt-vile-the-violators/,Music Farm,w/ Twisted Teens | Doors: 7:00 pm | Show: 8:00 pm
Rat King: THE UNTOLD & TWISTED TAIL OF A NUTCRACKER CHRISTMAS,Culture,2026-11-22,2026-11-22,18:30,,,"Charleston, SC","37 John Street, Charleston, SC 29403",https://charlestonmusichall.com/event/rat-king-the-untold-twisted-tail-of-a-nutcracker-christmas/,Charleston Music Hall,Doors: 5:30 pm | Show: 6:30 pm | Tickets: https://www.ticketmaster.com/rat-king-the-untold-twisted-tail-charleston-south-carolina-11-22-2026/event/2D006532EC1D6D2B
The Bends,Live Music,2026-11-22,2026-11-22,20:00,,,"Charleston, SC","32 Ann Street, Charleston, SC 29403",https://musicfarm.com/event/the-bends/,Music Farm,w/ Foxtide | Doors: 7:00 pm | Show: 8:00 pm
Hunxho,Live Music,2026-11-23,2026-11-23,20:00,,,"Charleston, SC","37 John Street, Charleston, SC 29403",https://charlestonmusichall.com/event/hunxho/,Charleston Music Hall,Doors: 7:00 pm | Show: 8:00 pm | Tickets: https://www.ticketmaster.com/hunxho-2night-only-tour-charleston-south-carolina-11-23-2026/event/2D00653694FF7305
Southern Lowcountry Regional Board (T),Civic,2026-11-24,2026-11-24,10:00,10:00,,"Bluffton, SC - Rotary Community Center","11 Recreation Court, Bluffton, SC - Rotary Community Center",https://www.beaufortcountysc.gov/events/2026/11/11.24.2026 SOLOCO.html,Beaufort County Calendar,
Slaughter To Prevail,Live Music,2026-11-24,2026-11-24,20:30,,,"Charleston, SC","37 John Street, Charleston, SC 29403",https://charlestonmusichall.com/event/slaughter-to-prevail/,Charleston Music Hall,Doors: 7:30 pm | Show: 8:30 pm | Tickets: https://www.ticketmaster.com/slaughter-to-prevail-north-america-2026-charleston-south-carolina-11-24-2026/event/2D0065239DB7C71A
An Evening With Band Of Horses (Night 1),Live Music,2026-11-25,2026-11-25,20:00,,,"Charleston, SC","37 John Street, Charleston, SC 29403",https://charlestonmusichall.com/event/an-evening-with-band-of-horses-night-1/,Charleston Music Hall,Doors: 7:00 pm | Show: 8:00 pm | Tickets: https://www.ticketmaster.com/an-evening-with-band-of-horses-charleston-south-carolina-11-25-2026/event/2D0064A8B9CAF99F
County Offices Closed,Civic,2026-11-26,2026-11-26,00:00,00:00,,"Beaufort County, SC",,https://www.beaufortcountysc.gov/events/2026/11/11.26.2026 Thanksgiving.html,Beaufort County Calendar,
County Offices Closed,Civic,2026-11-27,2026-11-27,00:00,00:00,,"Beaufort County, SC",,https://www.beaufortcountysc.gov/events/2026/11/11.27.2026 Heritage Day.html,Beaufort County Calendar,
An Evening With Band Of Horses (Night 2),Live Music,2026-11-27,2026-11-27,20:00,,,"Charleston, SC","37 John Street, Charleston, SC 29403",https://charlestonmusichall.com/event/an-evening-with-band-of-horses-night-2/,Charleston Music Hall,Doors: 7:00 pm | Show: 8:00 pm | Tickets: https://www.ticketmaster.com/an-evening-with-band-of-horses-charleston-south-carolina-11-27-2026/event/2D0064A8BA75FB42
Charlton Singleton’s Holiday Spectacular,Live Music,2026-11-28,2026-11-28,20:00,,,"Charleston, SC","37 John Street, Charleston, SC 29403",https://charlestonmusichall.com/event/charlton-singletons-holiday-spectacular/,Charleston Music Hall,Doors: 7:00 pm | Show: 8:00 pm | Tickets: https://www.ticketmaster.com/charlton-singletons-holiday-spectacular-charleston-south-carolina-11-28-2026/event/2D006532EEC57BC5
The Nutcracker,Live Music,2026-11-30,2026-11-30,19:00,,,"Charleston, SC","37 John Street, Charleston, SC 29403",https://charlestonmusichall.com/event/the-nutcracker/,Charleston Music Hall,Doors: 6:00 pm | Show: 7:00 pm | Tickets: https://www.ticketmaster.com/sc-ballet-presents-the-nutcracker-charleston-south-carolina-11-30-2026/event/2D00647E90157BF4
The Nutcracker,Live Music,2026-12-01,2026-12-01,19:00,,,"Charleston, SC","37 John Street, Charleston, SC 29403",https://charlestonmusichall.com/event/the-nutcracker-2/,Charleston Music Hall,Doors: 6:00 pm | Show: 7:00 pm | Tickets: https://www.ticketmaster.com/sc-ballet-presents-the-nutcracker-charleston-south-carolina-12-01-2026/event/2D00647E90697CA9
The Nutcracker,Live Music,2026-12-02,2026-12-02,19:00,,,"Charleston, SC","37 John Street, Charleston, SC 29403",https://charlestonmusichall.com/event/sc-ballet-presents-the-nutcracker/,Charleston Music Hall,Doors: 6:00 pm | Show: 7:00 pm | Tickets: https://www.ticketmaster.com/sc-ballet-presents-the-nutcracker-charleston-south-carolina-12-02-2026/event/2D00647E90AF7D71
Burton Fire District Commission,Civic,2026-12-03,2026-12-03,12:00,12:00,,"14 Bruce K Smalls Road, Beaufort","14 Bruce K Smalls Road, Beaufort",https://www.beaufortcountysc.gov/events/2026/12/12.03.2026 Burton Fire.html,Beaufort County Calendar,
Design Review Board,Civic,2026-12-03,2026-12-03,14:30,14:30,,"Okatie SC 29909, Grace Coastal Church","15 Williams Drive, Okatie SC 29909, Grace Coastal Church",https://www.beaufortcountysc.gov/events/2026/12/12.03.2026 Design.html,Beaufort County Calendar,
FILMORE – on the Inside Stage,Live Music,2026-12-03,2026-12-03,20:00,,,"Isle of Palms, SC","1008 Ocean Boulevard, Isle of Palms, SC 29451",https://the-windjammer.com/event/filmore-on-the-nutrl-beach-stage/,The Windjammer,"8:00 pm | ARTIST WEBSITE https://www.filmoremusic.com/ Country singer/songwriter FILMORE moves with a maverick’s instincts: strong-minded, uncompromising, constantly pushing into uncharted territory. Since making history as the first independent artist featured on Spotify’s Hot Country cover, the Missouri-bred musician has repeatedly shattered the barriers between Country and Pop and brought his stadium ready star power to the stage by [&hellip;] | Tickets: https://whollyticket.com/paymentpage/payment.php?event_id=85124"
"Tommy Emmanuel, CGP",Live Music,2026-12-03,2026-12-03,20:00,,,"Charleston, SC","37 John Street, Charleston, SC 29403",https://charlestonmusichall.com/event/tommy-emmanuel-cpg-living-in-the-light-tour/,Charleston Music Hall,Doors: 7:00 pm | Show: 8:00 pm | Tickets: https://www.ticketmaster.com/tommy-emmanuel-cpg-living-in-the-charleston-south-carolina-12-03-2026/event/2D00649EA0C22797
2026 Holiday Open House,Culture,2026-12-04,2026-12-04,18:00,20:00,,"Beaufort, SC",,https://historicbeaufort.org/event/2026-holiday-open-house/,Historic Beaufort Foundation,"Join HBF as we open the John Mark Verdier House Museum for complimentary tours as a part of the A Night on the Town Celebration! What: Holiday Open House Where: John Mark Verdier House Museum, 801 Bay Street, Beaufort, SC When: Friday, December, 4, 2026 Time: 6-8PM No Charge for this special Open House event"
Winter Nights with Matteo Bocelli,Live Music,2026-12-04,2026-12-04,20:00,,,"Charleston, SC","37 John Street, Charleston, SC 29403",https://charlestonmusichall.com/event/winter-nights-with-matteo-bocelli/,Charleston Music Hall,Doors: 7:00 pm | Show: 8:00 pm | Tickets: https://www.ticketmaster.com/winter-nights-with-matteo-bocelli-charleston-south-carolina-12-04-2026/event/2D00651190686D6A
The Broken Hearts: Tom Petty & The Heartbreakers Tribute on the inside stage,Live Music,2026-12-04,2026-12-04,21:00,,,"Isle of Palms, SC","1008 Ocean Boulevard, Isle of Palms, SC 29451",https://the-windjammer.com/event/the-broken-hearts-tom-petty-the-heartbreakers-tribute-on-the-inside-stage/,The Windjammer,"9:00 pm | Artist Website https://brokenheartsfl.com/tour-dates “THE BROKEN HEARTS” were created in 2017 by former Tom Petty and Mudcrutch bandmate and bassist Charlie Souza. Charlie has also worked with other legendary songwriters such as Greg Allman, Vanilla Fudge and The New Rascals. Along with singer/songwriter Shawn Scheller (Save The Radio!) they have assembled a core group of pro [&hellip;] | Tickets: https://whollyticket.com/paymentpage/payment.php?event_id=85191"
Tobacco Road + Wim Tapley & The Cannons – on the inside stage,Live Music,2026-12-05,2026-12-05,21:00,,,"Isle of Palms, SC","1008 Ocean Boulevard, Isle of Palms, SC 29451",https://the-windjammer.com/event/tobacco-road-wim-tapley-the-cannons-on-the-nutrl-beach-stage/,The Windjammer,"9:00 pm | ARTIST WEBSITE https://www.wimtapley.com/ https://www.thebandtobaccoroad.com/ ABOUT TOBACCO ROAD: Take your art seriously, not yourself. That’s the motto emerging blues-rock band Tobacco Road lives by – whether they’re on the road, in the studio, or practicing in their East Nashville garage. Playful, energetic, and equal parts modern and soulful, the band’s spirited personality turns a room full [&hellip;] | Tickets: https://whollyticket.com/paymentpage/payment.php?event_id=85137"
2026 Holiday Swing,Live Music,2026-12-05,2026-12-05,,,,"Charleston, SC","37 John Street, Charleston, SC 29403",https://charlestonmusichall.com/event/2026-holiday-swing/,Charleston Music Hall,Tickets: https://charlestonjazz.com/event/2026-holiday-swing-5pm/
Planning Commission (T),Civic,2026-12-07,2026-12-07,18:00,18:00,,"Beaufort, SC 29902 County Council Chambers","100 Ribaut Road, Beaufort, SC 29902 County Council Chambers",https://www.beaufortcountysc.gov/events/2026/12/12.07.2026 Planning.html,Beaufort County Calendar,
Beaufort Memorial Hospital Board of Trustees (GOVERNANCE MEETING),Civic,2026-12-08,2026-12-08,17:30,17:30,,"Beaufort, SC","Boardroom, Third Floor, Beaufort Memorial Medical and Administrative Center, 990 Ribaut Road, Beaufort, SC",https://www.beaufortcountysc.gov/events/2026/12/12.08.2026 BMH Governance.html,Beaufort County Calendar,
Daufuskie Island Fire District,Civic,2026-12-09,2026-12-09,13:00,13:00,,"Daufuskie Island, SC 29915","400 Haig Point Road, Daufuskie Island, SC 29915",https://www.beaufortcountysc.gov/events/2026/12/12.09.2026 DIFD.html,Beaufort County Calendar,
Stormwater Management Utility Board (T),Civic,2026-12-09,2026-12-09,14:00,14:00,,"Beaufort, SC 29902 County Council Chambers","100 Ribaut Road, Beaufort, SC 29902 County Council Chambers",https://www.beaufortcountysc.gov/events/2026/12/12.09.2026 SWUB.html,Beaufort County Calendar,
Airports (T),Civic,2026-12-10,2026-12-10,10:00,10:00,,"Beaufort, SC 29902 County Council Chambers","100 Ribaut Road, Beaufort, SC 29902 County Council Chambers",https://www.beaufortcountysc.gov/events/2026/12/12.10.2026 Airports.html,Beaufort County Calendar,
Keep Beaufort County Beautiful Board (T),Civic,2026-12-10,2026-12-10,13:00,13:00,,"Beaufort, SC 29902 County Council Chambers","100 Ribaut Road, Beaufort, SC 29902 County Council Chambers",https://www.beaufortcountysc.gov/events/2026/12/12.10.2026 KBCB Board.html,Beaufort County Calendar,
Lowcountry Council of Governments,Civic,2026-12-10,2026-12-10,18:30,18:30,,"Yemassee, SC 29945","634 Campground Road, Yemassee, SC 29945",https://www.beaufortcountysc.gov/events/2026/12/12.10.2026 LCOG.html,Beaufort County Calendar,"*AT THE CONCLUSION OF THE FINANCE, ADMINISTRATION, AND ECONOMIC DEVELOPMENT COMMITTEE MEETING, NO SOONER THAN 3:00 PM*"
Green Space Advisory Committee (T),Civic,2026-12-11,2026-12-11,10:00,10:00,,"Beaufort, SC","Executive Conference Room, Administration Building, Beaufort County Government Robert Smalls Complex, 100 Ribaut Road, Beaufort, SC",https://www.beaufortcountysc.gov/events/2026/12/12.11.2026 Green Space.html,Beaufort County Calendar,"*AT THE CONCLUSION OF THE FINANCE, ADMINISTRATION, AND ECONOMIC DEVELOPMENT COMMITTEE MEETING, NO SOONER THAN 3:00 PM*"
The Charleston Christmas Special,Live Music,2026-12-11,2026-12-11,19:00,,,"Charleston, SC","37 John Street, Charleston, SC 29403",https://charlestonmusichall.com/event/the-charleston-christmas-special-5/,Charleston Music Hall,Doors: 6:00 pm | Show: 7:00 pm | Tickets: https://www.ticketmaster.com/the-charleston-christmas-special-charleston-south-carolina-12-11-2026/event/2D00638B91ECB572
The Charleston Christmas Special,Live Music,2026-12-12,2026-12-12,14:00,,,"Charleston, SC","37 John Street, Charleston, SC 29403",https://charlestonmusichall.com/event/the-charleston-christmas-special-2/,Charleston Music Hall,Doors: 1:00 pm | Show: 2:00 pm | Tickets: https://www.ticketmaster.com/the-charleston-christmas-special-charleston-south-carolina-12-12-2026/event/2D00638B9259B8D6
The Charleston Christmas Special,Live Music,2026-12-12,2026-12-12,19:00,,,"Charleston, SC","37 John Street, Charleston, SC 29403",https://charlestonmusichall.com/event/the-charleston-christmas-special-3/,Charleston Music Hall,Doors: 6:00 pm | Show: 7:00 pm | Tickets: https://www.ticketmaster.com/the-charleston-christmas-special-charleston-south-carolina-12-12-2026/event/2D00638B92A6BB20
The Charleston Christmas Special,Live Music,2026-12-13,2026-12-13,15:00,,,"Charleston, SC","37 John Street, Charleston, SC 29403",https://charlestonmusichall.com/event/the-charleston-christmas-special/,Charleston Music Hall,Doors: 2:00 pm | Show: 3:00 pm | Tickets: https://www.ticketmaster.com/the-charleston-christmas-special-charleston-south-carolina-12-13-2026/event/2D00638B92D7BC80
Caucus (T),Civic,2026-12-14,2026-12-14,17:00,17:00,,"Beaufort, SC 29902 County Council Chambers","100 Ribaut Road, Beaufort, SC 29902 County Council Chambers",https://www.beaufortcountysc.gov/events/2026/12/12.14.2025 Caucus.html,Beaufort County Calendar,
County Council Regular Session (T),Civic,2026-12-14,2026-12-14,18:00,18:00,,"Beaufort, SC 29902 County Council Chambers","100 Ribaut Road, Beaufort, SC 29902 County Council Chambers",https://www.beaufortcountysc.gov/events/2026/12/12.14.2026 Council.html,Beaufort County Calendar,
Bluffton Township Fire District Board,Civic,2026-12-15,2026-12-15,16:00,16:00,,"Bluffton, SC 29910","357 Fording Island Road, Bluffton, SC 29910",https://www.beaufortcountysc.gov/events/2026/12/12.15.2026 Bluffton Fire.html,Beaufort County Calendar,
Beaufort Memorial Hospital Board of Trustees (EXECUTIVE MEETINGS),Civic,2026-12-15,2026-12-15,17:30,17:30,,"Beaufort, SC","Boardroom, Third Floor, Beaufort Memorial Medical and Administrative Center, 990 Ribaut Road, Beaufort, SC",https://www.beaufortcountysc.gov/events/2026/12/12.15.2026 BMH Executive.html,Beaufort County Calendar,
The Charleston Christmas Special,Live Music,2026-12-15,2026-12-15,19:00,,,"Charleston, SC","37 John Street, Charleston, SC 29403",https://charlestonmusichall.com/event/the-charleston-christmas-special-4/,Charleston Music Hall,Doors: 6:00 pm | Show: 7:00 pm | Tickets: https://www.ticketmaster.com/the-charleston-christmas-special-charleston-south-carolina-12-15-2026/event/2D00638B93B2C0F7
Beaufort Memorial Hospital Board of Trustees Combined (FINANCE and BOARD),Civic,2026-12-16,2026-12-16,07:30,07:30,,"Beaufort, SC","Boardroom, Third Floor, Beaufort Memorial Medical and Administrative Center, 990 Ribaut Road, Beaufort, SC",https://www.beaufortcountysc.gov/events/2026/12/12.16.2026 BMH Combined.html,Beaufort County Calendar,
Solid Waste and Recycling Board (T),Civic,2026-12-16,2026-12-16,14:00,14:00,,"Beaufort, SC 29902 County Council Chambers","100 Ribaut Road, Beaufort, SC 29902 County Council Chambers",https://www.beaufortcountysc.gov/events/2026/12/12.16.2026 SWR Board.html,Beaufort County Calendar,
The Charleston Christmas Special – KIDS FREE NIGHT,Live Music,2026-12-16,2026-12-16,19:00,,,"Charleston, SC","37 John Street, Charleston, SC 29403",https://charlestonmusichall.com/event/the-charleston-christmas-special-kids-free-night/,Charleston Music Hall,Doors: 6:00 pm | Show: 7:00 pm | Tickets: https://www.ticketmaster.com/the-charleston-christmas-special-kids-free-charleston-south-carolina-12-16-2026/event/2D00638B9546C880
Beaufort-Jasper Water and Sewer Authority Board,Civic,2026-12-17,2026-12-17,09:00,09:00,,"Okatie, SC","Executive Board Room, 109B, Administration Building, 6 Snake Road, Okatie, SC",https://www.beaufortcountysc.gov/events/2026/12/12.17.2026 BJWSA.html,Beaufort County Calendar,
Historic Preservation Review Board,Civic,2026-12-17,2026-12-17,13:00,13:00,,"Beaufort, SC","Executive Conference Room, Administration Building, Beaufort County Government Robert Smalls Complex, 100 Ribaut Road, Beaufort, SC",https://www.beaufortcountysc.gov/events/2026/12/12.17.2026 HPRB.html,Beaufort County Calendar,
Beaufort County Economic Development Corporation,Civic,2026-12-17,2026-12-17,14:00,14:00,,"97 Progressive Street, Bluffton - The Cove","97 Progressive Street, Bluffton - The Cove",https://www.beaufortcountysc.gov/events/2026/12/12.17.2026 BCEDC.html,Beaufort County Calendar,
Sheldon Township Fire District,Civic,2026-12-17,2026-12-17,18:30,18:30,,"5 Fire Station Lane, Sheldon SC 29941 - Fire Station Headquarters","5 Fire Station Lane, Sheldon SC 29941 - Fire Station Headquarters",https://www.beaufortcountysc.gov/events/2026/12/12.17.2026 Sheldon Fire.html,Beaufort County Calendar,
The Charleston Christmas Special,Live Music,2026-12-17,2026-12-17,19:00,,,"Charleston, SC","37 John Street, Charleston, SC 29403",https://charlestonmusichall.com/event/the-charleston-christmas-special-6/,Charleston Music Hall,Doors: 6:00 pm | Show: 7:00 pm | Tickets: https://www.ticketmaster.com/the-charleston-christmas-special-charleston-south-carolina-12-17-2026/event/2D00638B957CC95C
The Charleston Christmas Special,Live Music,2026-12-18,2026-12-18,19:00,,,"Charleston, SC","37 John Street, Charleston, SC 29403",https://charlestonmusichall.com/event/the-charleston-christmas-special-8/,Charleston Music Hall,Doors: 6:00 pm | Show: 7:00 pm | Tickets: https://www.ticketmaster.com/the-charleston-christmas-special-charleston-south-carolina-12-18-2026/event/2D00638B95BACA4B
The Charleston Christmas Special,Live Music,2026-12-19,2026-12-19,14:00,,,"Charleston, SC","37 John Street, Charleston, SC 29403",https://charlestonmusichall.com/event/the-charleston-christmas-special-7/,Charleston Music Hall,Doors: 1:00 pm | Show: 2:00 pm | Tickets: https://www.ticketmaster.com/the-charleston-christmas-special-charleston-south-carolina-12-19-2026/event/2D00638B95F6CB26
The Charleston Christmas Special,Live Music,2026-12-19,2026-12-19,19:00,,,"Charleston, SC","37 John Street, Charleston, SC 29403",https://charlestonmusichall.com/event/the-charleston-christmas-special-9/,Charleston Music Hall,Doors: 6:00 pm | Show: 7:00 pm | Tickets: https://www.ticketmaster.com/the-charleston-christmas-special-charleston-south-carolina-12-19-2026/event/2D00638B962BCBE0
Fo Daniels on the inside stage,Live Music,2026-12-19,2026-12-19,21:00,,,"Isle of Palms, SC","1008 Ocean Boulevard, Isle of Palms, SC 29451",https://the-windjammer.com/event/fo-daniels-on-the-inside-stage/,The Windjammer,"9:00 pm | ARTIST WESITE https://www.fodaniels.com/ Fo Daniels combines the raw intensity of a rock and roll band with a singer-songwriter’s attention to lyrical and emotional detail. With a general disregard for trends and genre restriction, Daniels and his band blaze their own trail, quickly growing their diverse catalog of records- which contains a wide variety of influences [&hellip;] | Tickets: https://whollyticket.com/paymentpage/payment.php?event_id=85160"
The Charleston Christmas Special,Live Music,2026-12-20,2026-12-20,15:00,,,"Charleston, SC","37 John Street, Charleston, SC 29403",https://charlestonmusichall.com/event/the-charleston-christmas-special-11/,Charleston Music Hall,Doors: 2:00 pm | Show: 3:00 pm | Tickets: https://www.ticketmaster.com/the-charleston-christmas-special-charleston-south-carolina-12-20-2026/event/2D00638B96BCCE6A
The Charleston Christmas Special,Live Music,2026-12-21,2026-12-21,19:00,,,"Charleston, SC","37 John Street, Charleston, SC 29403",https://charlestonmusichall.com/event/the-charleston-christmas-special-10/,Charleston Music Hall,Doors: 6:00 pm | Show: 7:00 pm | Tickets: https://www.ticketmaster.com/the-charleston-christmas-special-charleston-south-carolina-12-21-2026/event/2D00638B96ECCF19
The Charleston Christmas Special,Live Music,2026-12-22,2026-12-22,19:00,,,"Charleston, SC","37 John Street, Charleston, SC 29403",https://charlestonmusichall.com/event/the-charleston-christmas-special-13/,Charleston Music Hall,Doors: 6:00 pm | Show: 7:00 pm | Tickets: https://www.ticketmaster.com/the-charleston-christmas-special-charleston-south-carolina-12-22-2026/event/2D00638B96FACF44
County Offices Closed,Civic,2026-12-24,2026-12-24,00:00,00:00,,"Beaufort County, SC",,https://www.beaufortcountysc.gov/events/2026/12/12.24.2026 Christmas Eve.html,Beaufort County Calendar,
County Offices Closed,Civic,2026-12-25,2026-12-25,00:00,00:00,,"Beaufort County, SC",,https://www.beaufortcountysc.gov/events/2026/12/12.25.2026 Christmas Day.html,Beaufort County Calendar,
Blue Dogs,Live Music,2026-12-29,2026-12-29,20:00,,,"Charleston, SC","37 John Street, Charleston, SC 29403",https://charlestonmusichall.com/event/the-blue-dogs/,Charleston Music Hall,Doors: 7:00 pm | Show: 8:00 pm | Tickets: https://www.ticketmaster.com/the-blue-dogs-charleston-south-carolina-12-29-2026/event/2D0064B90BC59310
Futurebirds,Live Music,2026-12-31,2026-12-31,21:00,,,"Charleston, SC","37 John Street, Charleston, SC 29403",https://charlestonmusichall.com/event/futurebirds/,Charleston Music Hall,Doors: 8:00 pm | Show: 9:00 pm | Tickets: https://www.ticketmaster.com/futurebirds-far-out-country-tour-charleston-south-carolina-12-31-2026/event/2D006512A719A062
Parks and Recreation Board (T),Civic,2027-01-07,2027-01-07,14:30,14:30,,"Beaufort, SC 29902 County Council Chambers","100 Ribaut Road, Beaufort, SC 29902 County Council Chambers",https://www.beaufortcountysc.gov/events/2027/01/01.07.2027 PAR.html,Beaufort County Calendar,
Electric Avenue – The 80’s MTV Experience,Live Music,2027-01-08,2027-01-08,20:00,,,"Charleston, SC","37 John Street, Charleston, SC 29403",https://charlestonmusichall.com/event/electric-avenue-the-80s-mtv-experience/,Charleston Music Hall,Doors: 7:00 pm | Show: 8:00 pm | Tickets: https://www.ticketmaster.com/electric-avenue-the-80s-mtv-experience-charleston-south-carolina-01-08-2027/event/2D006503A093862A
Rumours ATL: A Fleetwood Mac Tribute,Live Music,2027-01-09,2027-01-09,20:00,,,"Charleston, SC","37 John Street, Charleston, SC 29403",https://charlestonmusichall.com/event/rumours-atl-a-fleetwood-mac-tribute/,Charleston Music Hall,Doors: 7:00 pm | Show: 8:00 pm | Tickets: https://www.ticketmaster.com/rumours-atl-a-fleetwood-mac-tribute-charleston-south-carolina-01-09-2027/event/2D00652BC3F17789
The Black Jacket Symphony Presents Michael Jackson’s ‘Thriller’,Live Music,2027-01-16,2027-01-16,19:30,,,"Charleston, SC","37 John Street, Charleston, SC 29403",https://charlestonmusichall.com/event/the-black-jacket-symphony-presents-michael-jacksons-thriller/,Charleston Music Hall,Doors: 6:30 pm | Show: 7:30 pm | Tickets: https://www.ticketmaster.com/the-black-jacket-symphony-presents-michael-charleston-south-carolina-01-16-2027/event/2D0065139B009FB1
Sons of Cream,Live Music,2027-01-17,2027-01-17,20:00,,,"Charleston, SC","37 John Street, Charleston, SC 29403",https://charlestonmusichall.com/event/sons-of-cream/,Charleston Music Hall,Doors: 7:00 pm | Show: 8:00 pm | Tickets: https://www.ticketmaster.com/sons-of-cream-charleston-south-carolina-01-17-2027/event/2D00652EC8BB4FD1
Leo Kottke,Live Music,2027-01-20,2027-01-20,20:00,,,"Charleston, SC","37 John Street, Charleston, SC 29403",https://charlestonmusichall.com/event/leo-kottke/,Charleston Music Hall,Doors: 7:00 pm | Show: 8:00 pm | Tickets: https://www.ticketmaster.com/leo-kottke-charleston-south-carolina-01-21-2026/event/2D006342EF7FA811
A Tribute to Taylor Simon King: 3 American Troubadours,Live Music,2027-01-22,2027-01-22,20:00,,,"Charleston, SC","37 John Street, Charleston, SC 29403",https://charlestonmusichall.com/event/a-tribute-to-taylor-simon-king-3-american-troubadours/,Charleston Music Hall,Doors: 7:00 pm | Show: 8:00 pm | Tickets: https://www.ticketmaster.com/a-tribute-to-taylor-simon-king-charleston-south-carolina-01-22-2027/event/2D00652BC8B68AAE
Nashville Nights Band,Live Music,2027-01-29,2027-01-29,20:00,,,"Charleston, SC","32 Ann Street, Charleston, SC 29403",https://musicfarm.com/event/nashville-nights-band/,Music Farm,Doors: 7:30 pm | Show: 8:00 pm
Jupiter Coyote,Live Music,2027-01-30,2027-01-30,19:00,,,"Charleston, SC","32 Ann Street, Charleston, SC 29403",https://musicfarm.com/event/jupiter-coyote/,Music Farm,Doors: 6:00 pm | Show: 7:00 pm
Alan Walker,Live Music,2027-01-31,2027-01-31,20:00,,,"Charleston, SC","37 John Street, Charleston, SC 29403",https://charlestonmusichall.com/event/alan-walker/,Charleston Music Hall,Doors: 7:00 pm | Show: 8:00 pm | Tickets: https://www.ticketmaster.com/alan-walker-charleston-south-carolina-01-31-2027/event/2D00652A8DB594F9
Sleeping Beauty,Live Music,2027-02-11,2027-02-11,19:30,,,"Charleston, SC","37 John Street, Charleston, SC 29403",https://charlestonmusichall.com/event/sleeping-beauty/,Charleston Music Hall,Doors: 6:30 pm | Show: 7:30 pm | Tickets: https://www.ticketmaster.com/sc-ballet-presents-sleeping-beauty-charleston-south-carolina-02-11-2027/event/2D0064A7B493F909
Sleeping Beauty,Live Music,2027-02-12,2027-02-12,19:30,,,"Charleston, SC","37 John Street, Charleston, SC 29403",https://charlestonmusichall.com/event/sc-ballet-presents-sleeping-beauty/,Charleston Music Hall,Doors: 6:30 pm | Show: 7:30 pm | Tickets: https://www.ticketmaster.com/sc-ballet-presents-sleeping-beauty-charleston-south-carolina-02-12-2027/event/2D00647E90F67E63
New Date: Three Dog Night,Live Music,2027-02-19,2027-02-19,20:00,,,"Charleston, SC","37 John Street, Charleston, SC 29403",https://charlestonmusichall.com/event/new-date-three-dog-night-copy/,Charleston Music Hall,Doors: 7:00 pm | Show: 8:00 pm | Tickets: https://www.ticketmaster.com/three-dog-night-charleston-south-carolina-08-22-2026/event/2D00648889FE8567
COREY KENT,Live Music,2027-02-20,2027-02-20,20:00,,,"Charleston, SC","37 John Street, Charleston, SC 29403",https://charlestonmusichall.com/event/corey-kent/,Charleston Music Hall,Doors: 7:00 pm | Show: 8:00 pm | Tickets: https://www.ticketmaster.com/corey-kent-heartland-rock-and-roll-charleston-south-carolina-02-20-2027/event/2D00652886C57B24
Michelle Branch,Live Music,2027-02-25,2027-02-25,20:00,,,"Charleston, SC","37 John Street, Charleston, SC 29403",https://charlestonmusichall.com/event/michelle-branch/,Charleston Music Hall,Doors: 7:00 pm | Show: 8:00 pm | Tickets: https://www.ticketmaster.com/michelle-branch-everywhere-and-back-again-charleston-south-carolina-02-25-2027/event/2D00650C90A56F93
JUMP – America’s Van Halen Experience,Live Music,2027-02-27,2027-02-27,20:00,,,"Charleston, SC","37 John Street, Charleston, SC 29403",https://charlestonmusichall.com/event/jump-americas-van-halen-experience/,Charleston Music Hall,Doors: 7:00 pm | Show: 8:00 pm | Tickets: https://www.ticketmaster.com/jump-americas-van-halen-experience-charleston-south-carolina-02-27-2027/event/2D00652E943F8FDB
Parks and Recreation (T),Civic,2027-03-04,2027-03-04,14:30,14:30,,"905 Buckwalter Parkway, Bluffton - Buckwalter Recreation Center","905 Buckwalter Parkway, Bluffton - Buckwalter Recreation Center",https://www.beaufortcountysc.gov/events/2027/03/03.04.2027 PAR.html,Beaufort County Calendar,
Alaska Thunderf*ck,Live Music,2027-03-23,2027-03-23,20:00,,,"Charleston, SC","32 Ann Street, Charleston, SC 29403",https://musicfarm.com/event/alaska-thunderfck/,Music Farm,Doors: 7:00 pm | Show: 8:00 pm
Brandy Clark,Live Music,2027-04-03,2027-04-03,20:00,,,"Charleston, SC","32 Ann Street, Charleston, SC 29403",https://musicfarm.com/event/brandy-clark/,Music Farm,Doors: 7:00 pm | Show: 8:00 pm
40 Fingers,Live Music,2027-04-07,2027-04-07,20:00,,,"Charleston, SC","37 John Street, Charleston, SC 29403",https://charlestonmusichall.com/event/40-fingers/,Charleston Music Hall,Doors: 7:00 pm | Show: 8:00 pm | Tickets: https://www.ticketmaster.com/40-fingers-charleston-south-carolina-04-07-2027/event/2D00652EC6B34A90
Aries Spears,Comedy,2027-04-09,2027-04-09,20:00,,,"Charleston, SC","37 John Street, Charleston, SC 29403",https://charlestonmusichall.com/event/aries-spears/,Charleston Music Hall,Doors: 7:00 pm | Show: 8:00 pm | Tickets: https://www.ticketmaster.com/aries-spears-charleston-south-carolina-04-09-2027/event/2D00652BCB439546
Graham Barham,Live Music,2027-04-29,2027-04-29,20:00,,,"Charleston, SC","32 Ann Street, Charleston, SC 29403",https://musicfarm.com/event/graham-barham/,Music Farm,Doors: 7:30 pm | Show: 8:00 pm
Leonid & Friends,Live Music,2027-05-05,2027-05-05,19:30,,,"Charleston, SC","37 John Street, Charleston, SC 29403",https://charlestonmusichall.com/event/leonid-friends-tribute-to-the-music-of-chicago/,Charleston Music Hall,Doors: 6:30 pm | Show: 7:30 pm | Tickets: https://www.ticketmaster.com/leonid-friends-tribute-to-the-music-charleston-south-carolina-05-05-2027/event/2D0064DEEAA4F15A
Parks and Recreation Board (T),Civic,2027-05-06,2027-05-06,14:30,14:30,,"Beaufort, SC 29902 County Council Chambers","100 Ribaut Road, Beaufort, SC 29902 County Council Chambers",https://www.beaufortcountysc.gov/events/2027/05/05.06.2027 PAR.html,Beaufort County Calendar,
Leonid & Friends,Live Music,2027-05-06,2027-05-06,19:30,,,"Charleston, SC","37 John Street, Charleston, SC 29403",https://charlestonmusichall.com/event/leonid-friends/,Charleston Music Hall,Doors: 6:30 pm | Show: 7:30 pm | Tickets: https://www.ticketmaster.com/leonid-friends-charleston-south-carolina-05-06-2027/event/2D00652EC3FF427A
Parks and Recreation Department (T),Civic,2027-07-01,2027-07-01,14:30,14:30,,"905 Buckwalter Parkway, Bluffton - Buckwalter Recreation Center","905 Buckwalter Parkway, Bluffton - Buckwalter Recreation Center",https://www.beaufortcountysc.gov/events/2027/07/07.01.2027 PAR.html,Beaufort County Calendar,
Parks and Recreation Department (T),Civic,2027-09-02,2027-09-02,14:30,14:30,,"Beaufort, SC 29902 County Council Chambers","100 Ribaut Road, Beaufort, SC 29902 County Council Chambers",https://www.beaufortcountysc.gov/events/2027/09/09.02.2026 PAR.html,Beaufort County Calendar,
